,,position,team,matches,wins,draws,loses,scored,missed,pts,xG,xG_diff,npxG,xGA,xGA_diff,npxGA,npxGD,ppda_coef,oppda_coef,deep,deep_allowed,xpts,xpts_diff
La_liga,2018,1,Barcelona,38,26,9,3,90,36,87,83.279534,-6.720466,76.584704,44.93095,8.93095,43.4444,33.140304,9.015263902,16.40488484,417,171,73.9604,-13.0396
La_liga,2018,2,Atletico Madrid,38,22,10,6,55,29,76,51.872324,-3.127676,48.730936,41.434059,12.434059,37.717794,11.013142,11.06620454,11.10477811,252,190,59.4276,-16.5724
La_liga,2018,3,Real Madrid,38,21,5,12,63,46,68,68.654773,5.654773,61.965525,48.675753,2.675753,42.729664,19.235861,8.896578363,14.78250059,341,168,64.7728,-3.2272
La_liga,2018,4,Valencia,38,15,16,7,51,35,61,61.884949,10.884949,56.569019,42.854367,7.854367,36.90841,19.660609,12.96465759,9.474006706,278,215,65.1616,4.1616
La_liga,2018,5,Sevilla,38,17,8,13,62,47,59,69.162306,7.162306,64.542453,46.710732,-0.289268,41.508815,23.033638,10.65203081,10.02062049,321,211,65.0781,6.0781
La_liga,2018,6,Getafe,38,15,14,9,48,35,59,47.034178,-0.965822,42.578151,44.226041,9.226041,39.02311,3.555041,8.766903298,5.700771443,186,196,53.1872,-5.8128
La_liga,2018,7,Espanyol,38,14,11,13,48,50,53,50.157346,2.157346,47.184228,54.616086,4.616086,48.548747,-1.364519,9.856488792,9.819171281,241,241,50.0883,-2.9117
La_liga,2018,8,Athletic Club,38,13,14,11,41,45,53,44.441324,3.441324,38.917079,47.158818,2.158818,43.442428,-4.525349,8.304491873,11.30255769,221,185,50.0122,-2.9878
La_liga,2018,9,Real Sociedad,38,13,11,14,45,46,50,47.987101,2.987101,40.554466,48.09444,2.09444,45.68397,-5.129504,9.943556361,9.488771035,194,208,51.1255,1.1255
La_liga,2018,10,Alaves,38,13,11,14,39,50,50,40.873013,1.873013,38.643174,54.532088,4.532088,50.072421,-11.429247,11.22823008,7.096709823,129,270,44.0162,-5.9838
La_liga,2018,11,Real Betis,38,14,8,16,44,52,50,51.677425,7.677425,46.353245,53.544732,1.544732,49.828349,-3.475104,9.316620851,12.38168493,241,220,52.3904,2.3904
La_liga,2018,12,Eibar,38,11,14,13,46,50,47,56.633606,10.633606,50.687381,47.884205,-2.115795,44.911085,5.776296,7.067694654,11.22432396,235,177,56.753,9.753
La_liga,2018,13,Leganes,38,11,12,15,37,43,45,41.249284,4.249284,37.533149,43.936601,0.936601,40.79522,-3.262071,12.47157079,9.964576075,155,190,51.1457,6.1457
La_liga,2018,14,Levante,38,11,11,16,59,66,44,54.088913,-4.911087,48.886359,78.863255,12.863255,72.013818,-23.127459,10.58199511,7.043106728,206,295,40.2333,-3.7667
La_liga,2018,15,Villarreal,38,10,14,14,49,52,44,54.79974,5.79974,50.326504,56.118148,4.118148,52.402151,-2.075647,11.15292107,11.17371016,232,263,52.1799,8.1799
La_liga,2018,16,Celta Vigo,38,10,11,17,53,62,41,48.699852,-4.300148,43.496929,63.4295,1.4295,58.226554,-14.729625,10.77279143,11.75518829,195,248,41.626,0.626
La_liga,2018,17,Real Valladolid,38,10,11,17,32,51,41,41.641547,9.641547,36.438739,57.647325,6.647325,50.829462,-14.390723,11.45077334,9.834414454,139,243,41.7997,0.7997
La_liga,2018,18,Girona,38,9,10,19,37,53,37,42.986638,5.986638,38.527247,55.334056,2.334056,49.38795,-10.860703,11.39045311,9.856544635,177,261,45.1656,8.1656
La_liga,2018,19,SD Huesca,38,7,12,19,43,65,33,51.377569,8.377569,46.175012,63.425214,-1.574786,56.735985,-10.560973,10.22175606,8.701259697,171,259,44.9625,11.9625
La_liga,2018,20,Rayo Vallecano,38,8,8,22,41,70,32,47.233183,6.233183,43.517691,62.318235,-7.681765,54.001658,-10.483967,9.531583381,7.522984466,133,253,43.015,11.015
La_liga,2019,1,Real Madrid,38,26,9,3,70,25,87,72.157218,2.157218,63.981449,33.146266,8.146266,31.65971,32.321739,9.262201903,14.47689691,334,127,77.6868,-9.3132
La_liga,2019,2,Barcelona,38,25,7,6,86,38,82,72.009449,-13.990551,67.549781,37.823949,-0.176051,32.620992,34.928789,8.256988359,17.96159753,440,146,73.1381,-8.8619
La_liga,2019,3,Sevilla,38,19,13,6,54,34,70,55.155506,1.155506,49.952825,36.617301,2.617301,33.628775,16.32405,8.411132882,12.64235712,238,148,65.705,-4.295
La_liga,2019,4,Atletico Madrid,38,18,16,4,51,27,70,58.700963,7.700963,52.739451,31.515192,4.515192,28.542603,24.196848,9.686664574,10.99445034,264,162,72.3506,2.3506
La_liga,2019,5,Villarreal,38,18,6,14,63,49,60,65.606501,2.606501,57.430565,48.589865,-0.410135,41.8326854,15.5978796,10.90001004,12.0673321,218,228,64.0527,4.0527
La_liga,2019,6,Real Sociedad,38,16,8,14,56,48,56,50.915671,-5.084329,47.199543,41.885105,-6.114895,35.196378,12.003165,8.649489058,11.92464054,231,192,57.1783,1.1783
La_liga,2019,7,Granada,38,16,8,14,52,45,56,45.021407,-6.978593,41.305021,43.439237,-1.560763,39.723106,1.581915,10.176947,7.772831901,135,197,52.5969,-3.4031
La_liga,2019,8,Getafe,38,14,12,12,43,37,54,45.191234,2.191234,39.886634,43.0233834,6.0233834,38.5639854,1.3226486,7.005995472,6.302144663,176,119,53.7878,-0.2122
La_liga,2019,9,Valencia,38,14,11,13,46,53,53,45.576255,-0.423745,39.630147,59.073642,6.073642,52.384285,-12.754138,14.08631083,10.54327311,217,262,45.4291,-7.5709
La_liga,2019,10,Osasuna,38,13,13,12,46,54,52,49.038488,3.038488,43.092265,49.580451,-4.419549,45.864071,-2.771806,9.097908077,8.506952294,197,191,51.5097,-0.4903
La_liga,2019,11,Athletic Club,38,13,12,13,41,38,51,42.095595,1.095595,34.595139,52.419298,14.419298,47.21636,-12.621221,9.713230737,10.22501821,122,205,44.6548,-6.3452
La_liga,2019,12,Levante,38,14,7,17,47,53,49,49.427886,2.427886,45.71175,64.249355,11.249355,58.887593,-13.175843,12.00936724,8.825311086,177,273,42.879,-6.121
La_liga,2019,13,Real Valladolid,38,9,15,14,32,43,42,35.657758,3.657758,31.041553,53.937654,10.937654,47.991425,-16.949872,12.39439665,8.31926314,109,226,39.3828,-2.6172
La_liga,2019,14,Eibar,38,11,9,18,39,56,42,42.345162,3.345162,34.751985,54.332816,-1.667184,49.7158455,-14.9638605,8.973649108,9.554977424,141,197,42.907,0.907
La_liga,2019,15,Real Betis,38,10,11,17,48,60,41,48.898528,0.898528,42.952678,56.303716,-3.696284,48.127908,-5.17523,10.3627919,11.85348147,236,216,47.9371,6.9371
La_liga,2019,16,Alaves,38,10,9,19,34,59,39,38.1470615,4.1470615,33.6877795,57.929676,-1.070324,46.780883,-13.0931035,12.21077498,7.770151797,130,220,40.977,1.977
La_liga,2019,17,Celta Vigo,38,7,16,15,37,49,37,40.441183,3.441183,33.7516915,44.829711,-4.170289,41.113454,-7.3617625,10.54406558,9.694045219,188,215,47.2581,10.2581
La_liga,2019,18,Leganes,38,8,12,18,30,51,36,38.921846,8.921846,35.149078,45.620589,-5.379411,40.4179,-5.268822,10.91398398,7.726034427,158,166,48.919,12.919
La_liga,2019,19,Mallorca,38,9,6,23,40,65,33,40.4563104,0.4563104,33.0235288,65.170307,0.170307,53.278525,-20.2549962,12.74276576,7.619622042,131,309,35.3568,2.3568
La_liga,2019,20,Espanyol,38,5,10,23,27,58,25,37.002815,10.002815,34.029713,53.2793235,-4.7206765,47.9160925,-13.8863795,9.441301459,10.05959429,148,191,41.759,16.759
La_liga,2020,1,Atletico Madrid,38,26,8,4,67,25,86,57.663944,-9.336056,52.307988,35.668989,10.668989,32.696,19.611988,10.88985204,13.2254805,310,165,66.412,-19.588
La_liga,2020,2,Real Madrid,38,25,9,4,67,28,84,65.070797,-1.929203,62.840967,38.7006082,10.7006082,32.7545122,30.0864548,10.54190265,15.19209828,326,171,69.9803,-14.0197
La_liga,2020,3,Barcelona,38,24,7,7,85,38,79,83.958575,-1.041425,78.012495,40.931474,2.931474,37.215215,40.79728,9.913447715,17.83674711,499,166,78.184,-0.816
La_liga,2020,4,Sevilla,38,24,5,9,53,33,77,55.86195,2.86195,50.659383,34.334298,1.334298,29.8448684,20.8145146,8.476009233,15.87821262,240,139,66.9561,-10.0439
La_liga,2020,5,Real Sociedad,38,17,11,10,59,38,62,63.145208,4.145208,54.218641,38.795144,0.795144,35.0793888,19.1392522,8.321595772,13.35680124,285,160,67.6088,5.6088
La_liga,2020,6,Real Betis,38,17,10,11,50,50,61,49.769453,-0.230547,41.429242,47.512788,-2.487212,40.080258,1.348984,9.636032128,11.17608351,224,180,55.3674,-5.6326
La_liga,2020,7,Villarreal,38,15,13,10,60,44,58,57.8554675,-2.1445325,48.1930165,43.6705753,-0.3294247,36.9812003,11.2118162,10.32719022,12.11871638,291,182,63.772,5.772
La_liga,2020,8,Celta Vigo,38,14,11,13,55,57,53,51.322761,-3.677239,46.1201931,50.312099,-6.687901,44.365874,1.7543191,7.595220507,12.05320076,217,187,52.8331,-0.1669
La_liga,2020,9,Athletic Club,38,11,13,14,46,42,46,43.064086,-2.935914,39.347949,38.4634275,-3.5365725,34.0038915,5.3440575,10.28811386,10.42606946,202,197,54.7714,8.7714
La_liga,2020,10,Granada,38,13,7,18,47,65,46,41.051086,-5.948914,37.3350808,59.815116,-5.184884,50.605704,-13.2706232,11.99111333,7.385974783,128,234,40.5771,-5.4229
La_liga,2020,11,Osasuna,38,11,11,16,37,48,44,39.6077732,2.6077732,35.1480982,49.829737,1.829737,43.883767,-8.7356688,11.37280865,9.161317585,172,243,45.1012,1.1012
La_liga,2020,12,Cadiz,38,11,11,16,36,58,44,36.6996618,0.6996618,33.7266818,58.9115652,0.9115652,51.4789297,-17.7522479,18.54599663,6.106691057,77,274,39.0109,-4.9891
La_liga,2020,13,Valencia,38,10,13,15,50,53,43,41.8892554,-8.1107446,34.4567274,55.687673,2.687673,49.741459,-15.2847316,11.58790096,9.497927061,162,262,42.3776,-0.6224
La_liga,2020,14,Levante,38,9,14,15,46,57,41,40.926996,-5.073004,36.467457,55.12825,-1.87175,52.155157,-15.6877,10.11280977,11.6667509,221,245,43.5272,2.5272
La_liga,2020,15,Getafe,38,9,11,18,28,43,38,35.6225876,7.6225876,31.9064676,40.402782,-2.597218,34.3222751,-2.4158075,9.183899813,6.92055371,134,155,48.3871,10.3871
La_liga,2020,16,Alaves,38,9,11,18,36,57,38,39.113484,3.113484,33.1675195,51.5470642,-5.4529358,49.3172242,-16.1497047,12.63076876,8.616113203,119,212,43.2275,5.2275
La_liga,2020,17,Elche,38,8,12,18,34,55,36,30.4043047,-3.5956953,28.1744727,61.633158,6.633158,54.200897,-26.0264243,14.6500734,9.338916573,78,280,30.3116,-5.6884
La_liga,2020,18,SD Huesca,38,7,13,18,34,53,34,37.975832,3.975832,35.002722,48.6355,-4.3645,44.919127,-9.916405,12.56754741,8.891344125,98,215,45.2275,11.2275
La_liga,2020,19,Real Valladolid,38,5,16,17,34,57,31,37.9171432,3.9171432,31.9710486,52.558762,-4.441238,47.356086,-15.3850374,11.19284599,8.495311385,134,243,41.5329,10.5329
La_liga,2020,20,Eibar,38,6,12,20,29,52,30,42.454483,13.454483,35.63513,48.835838,-3.164162,45.119446,-9.484316,9.044682634,11.52550123,149,156,48.6234,18.6234
La_liga,2021,1,Real Madrid,38,26,8,4,80,31,86,80.218008,0.218008,71.298797,45.781799,14.781799,41.965216,29.333581,12.69256562,15.87634762,465,211,73.5879,-12.4121
La_liga,2021,2,Barcelona,38,21,10,7,68,38,73,70.541761,2.541761,65.338828,35.079571,-2.920429,32.84974,32.489088,8.182813965,17.16477071,317,161,73.6018,0.6018
La_liga,2021,3,Atletico Madrid,38,21,8,9,65,43,71,59.446593,-5.553407,55.730203,35.767932,-7.232068,29.821711,25.908492,11.66704953,11.89679157,265,135,69.0085,-1.9915
La_liga,2021,4,Sevilla,38,18,16,4,53,30,70,46.853465,-6.146535,44.620113,40.5967024,10.5967024,37.6201624,6.9999506,9.467663544,15.14465947,192,184,56.9991,-13.0009
La_liga,2021,5,Real Betis,38,19,8,11,62,40,65,55.903767,-6.096233,51.444121,46.788701,6.788701,44.558861,6.88526,10.07819452,12.45293063,273,191,56.4939,-8.5061
La_liga,2021,6,Real Sociedad,38,17,11,10,40,37,62,56.085362,16.085362,48.64916,41.513024,4.513024,37.053344,11.595816,9.15300282,12.60411714,268,189,64.0247,2.0247
La_liga,2021,7,Villarreal,38,16,11,11,63,37,59,70.332283,7.332283,65.872743,47.892683,10.892683,44.176305,21.696438,10.34940353,11.55253486,324,165,63.8532,4.8532
La_liga,2021,8,Athletic Club,38,14,13,11,43,36,55,57.013894,14.013894,51.649441,39.28986,3.28986,37.060023,14.589418,10.28889238,10.72151004,231,178,62.794,7.794
La_liga,2021,9,Valencia,38,11,15,12,48,53,48,42.284833,-5.715167,35.495125,52.236293,-0.763707,46.157123,-10.661998,8.887406366,6.723740748,185,203,46.2825,-1.7175
La_liga,2021,10,Osasuna,38,12,11,15,37,51,47,42.026896,5.026896,36.080671,50.591872,-0.408128,45.385417,-9.304746,10.510446,11.13484568,174,233,48.9886,1.9886
La_liga,2021,11,Celta Vigo,38,12,10,16,43,43,46,44.937715,1.937715,40.228477,46.117111,3.117111,40.074859,0.153618,7.988747372,12.3153746,230,196,51.23,5.23
La_liga,2021,12,Espanyol,38,10,12,16,40,53,42,38.899524,-1.100476,35.18313,57.118355,4.118355,53.401972,-18.218842,14.14112815,9.532117563,150,311,40.0298,-1.9702
La_liga,2021,13,Rayo Vallecano,38,11,9,18,39,50,42,47.029672,8.029672,44.056572,52.153276,2.153276,45.463909,-1.407337,9.094864617,8.944281046,158,210,50.4627,8.4627
La_liga,2021,14,Elche,38,11,9,18,40,52,42,36.8147813,-3.1852187,36.0715013,61.074821,9.074821,54.355509,-18.2840077,13.51739057,9.343407613,143,235,35.6672,-6.3328
La_liga,2021,15,Mallorca,38,10,9,19,36,63,39,40.580969,4.580969,35.378042,56.138232,-6.861768,50.067073,-14.689031,11.04646788,7.212648274,188,241,39.7542,0.7542
La_liga,2021,16,Cadiz,38,8,15,15,35,51,39,41.796888,6.796888,37.211246,54.7431543,3.7431543,44.9190473,-7.7078013,14.14102607,9.084712111,147,261,44.1789,5.1789
La_liga,2021,17,Getafe,38,8,15,15,33,41,39,31.554126,-1.445874,27.712817,44.491887,3.491887,41.518774,-13.805957,12.46272833,8.619662395,125,185,42.8733,3.8733
La_liga,2021,18,Granada,38,8,14,16,44,61,38,41.2981724,-2.7018276,37.5817824,66.093632,5.093632,59.404264,-21.8224816,11.49512114,8.771950024,141,279,37.2393,-0.7607
La_liga,2021,19,Levante,38,8,11,19,51,76,35,57.563983,6.563983,47.768416,62.60945,-13.39055,58.149781,-10.381365,10.60996086,11.23175553,185,241,52.7267,17.7267
La_liga,2021,20,Alaves,38,8,7,23,31,65,31,38.464942,7.464942,33.261998,63.569279,-1.430721,56.630093,-23.368095,12.69741286,8.144128511,131,283,37.6023,6.6023
La_liga,2022,1,Real Madrid,6,6,0,0,17,6,18,15.27306,-1.72694,13.66496,6.14275,0.14275,5.399474,8.265486,13.42860793,18.94229141,66,34,13.5602,-4.4398
La_liga,2022,2,Athletic Club,7,5,1,1,16,4,16,14.767517,-1.232483,12.537687,4.301538,0.301538,4.301538,8.236149,10.69831909,12.4084127,59,26,16.163,0.163
La_liga,2022,3,Barcelona,6,5,1,0,18,1,16,19.22435,1.22435,19.22435,3.3810531,2.3810531,3.3810531,15.8432969,6.462087133,16.0576734,76,19,15.7164,-0.2836
La_liga,2022,4,Real Betis,6,5,0,1,10,4,15,10.160252,0.160252,7.930548,9.667019,5.667019,9.667019,-1.736471,10.42674884,10.42799102,23,42,8.2482,-6.7518
La_liga,2022,5,Atletico Madrid,7,4,1,2,12,6,13,11.44102,-0.55898,11.44102,8.289674,2.289674,8.289674,3.151346,17.30452314,11.74659775,47,39,11.7426,-1.2574
La_liga,2022,6,Villarreal,7,3,3,1,10,2,12,14.06926,4.06926,14.06926,6.049721,4.049721,6.049721,8.019539,10.58249695,11.1949062,56,23,14.8449,2.8449
La_liga,2022,7,Osasuna,6,4,0,2,7,5,12,11.637079,4.637079,9.407252,4.268942,-0.731058,4.268942,5.13831,12.55541175,12.03695781,35,23,12.8696,0.8696
La_liga,2022,8,Real Sociedad,6,3,1,2,7,8,10,10.68538,3.68538,9.9421,8.176178,0.176178,7.432904,2.509196,7.036199937,12.85954445,50,22,9.8545,-0.1455
La_liga,2022,9,Valencia,6,3,0,3,10,5,9,10.229948,0.229948,9.486668,6.040097,1.040097,6.040097,3.446571,7.411712989,11.85924191,32,26,11.1142,2.1142
La_liga,2022,10,Mallorca,6,2,2,2,6,7,8,5.615273,-0.384727,5.615273,8.297346,1.297346,6.067773,-0.4525,12.4576455,8.839044752,16,38,6.3031,-1.6969
La_liga,2022,11,Celta Vigo,6,2,1,3,8,13,7,5.695316,-2.304684,4.95204,8.265706,-4.734294,5.914332,-0.962292,10.83539665,10.55395105,38,23,6.7182,-0.2818
La_liga,2022,12,Girona,6,2,1,3,7,7,7,7.254636,0.254636,6.511487,6.095098,-0.904902,4.608538,1.902949,10.16578239,10.58244485,33,25,8.9038,1.9038
La_liga,2022,13,Getafe,7,2,1,4,8,15,7,7.687027,-0.312973,6.200473,10.84098,-4.15902,10.097703,-3.89723,13.79158936,8.415505111,14,46,7.5013,0.5013
La_liga,2022,14,Rayo Vallecano,6,2,1,3,7,8,7,6.147581,-0.852419,6.147581,10.661117,2.661117,10.661117,-4.513536,9.351336996,11.10434464,25,32,5.9159,-1.0841
La_liga,2022,15,Real Valladolid,7,2,1,4,6,13,7,8.082469,2.082469,7.339192,12.760047,-0.239953,12.016767,-4.677575,10.17218652,8.371641672,30,59,7.0707,0.0707
La_liga,2022,16,Sevilla,7,1,2,4,7,13,5,8.244544,1.244544,8.244544,15.340869,2.340869,13.854322,-5.609778,7.94431537,13.69995429,43,45,6.0497,1.0497
La_liga,2022,17,Almeria,7,1,1,5,4,11,4,5.320047,1.320047,5.320047,13.180972,2.180972,12.437702,-7.117655,14.97897547,13.66739866,23,59,4.7766,0.7766
La_liga,2022,18,Espanyol,6,1,1,4,7,12,4,8.344652,1.344652,6.858108,10.016223,-1.983777,10.016223,-3.158115,14.1218933,10.26486754,30,44,7.2548,3.2548
La_liga,2022,19,Cadiz,7,1,1,5,1,14,4,3.618103,2.618103,3.618103,16.35166,2.35166,14.12183,-10.503727,12.30372224,8.783286582,13,51,2.1966,-1.8034
La_liga,2022,20,Elche,6,0,1,5,2,16,1,3.4081031,1.4081031,3.4081031,18.778627,2.778627,17.292067,-13.8839639,15.55958415,7.353884115,23,56,2.3039,1.3039
EPL,2018,1,Manchester City,38,32,2,4,95,23,98,93.720559,-1.279441,90.67588,25.7326041,2.7326041,22.6879251,67.9879549,8.526163727,30.4681126,582,135,90.6406,-7.3594
EPL,2018,2,Liverpool,38,30,7,1,89,22,97,79.45754,-9.54246,74.12936,29.145105,7.145105,28.383936,45.745424,10.95987087,22.16137569,431,152,83.4541,-13.5459
EPL,2018,3,Chelsea,38,21,9,8,63,39,72,63.968004,0.968004,60.162158,38.107687,-0.892313,36.447257,23.714901,10.65018266,15.99516673,376,188,71.451,-0.549
EPL,2018,4,Tottenham,38,23,2,13,67,39,71,61.746657,-5.253343,58.70202,49.146068,10.146068,45.34022,13.3618,9.908482088,17.6800937,270,202,61.44,-9.56
EPL,2018,5,Arsenal,38,21,7,10,73,51,70,64.795372,-8.204628,60.989521,57.2974875,6.2974875,51.9693395,9.0201815,10.08032538,13.94428909,400,253,58.9713,-11.0287
EPL,2018,6,Manchester United,38,19,9,10,65,54,66,68.617498,3.617498,59.375862,52.30019,-1.69981,47.733182,11.64268,11.0738511,14.43333447,313,268,61.8596,-4.1404
EPL,2018,7,Wolverhampton Wanderers,38,16,9,13,47,46,57,53.0586916,6.0586916,50.0140156,42.691294,-3.308706,39.646622,10.3673936,15.86303119,12.2929378,184,220,59.9145,2.9145
EPL,2018,8,Everton,38,15,9,14,54,46,54,53.866134,-0.133866,49.922344,49.3097899,3.3097899,45.3963069,4.5260371,10.25964114,10.97206844,211,210,55.5378,1.5378
EPL,2018,9,West Ham,38,15,7,16,52,55,52,47.9605279,-4.0394721,44.1548369,65.662023,10.662023,61.856183,-17.7013461,13.3152414,10.40622299,261,293,43.7194,-8.2806
EPL,2018,10,Leicester,38,15,7,16,51,48,52,52.114153,1.114153,46.785979,44.642585,-3.357415,40.836749,5.94923,12.79020523,11.48087286,205,253,56.2378,4.2378
EPL,2018,11,Watford,38,14,8,16,52,59,50,51.733546,-0.266454,50.972376,63.291171,4.291171,59.485323,-8.512947,12.49750066,10.36142171,275,264,46.0015,-3.9985
EPL,2018,12,Crystal Palace,38,14,7,17,51,53,49,50.642166,-0.357834,42.269351,52.804285,-0.195715,48.998432,-6.729081,15.40826315,9.201229985,256,261,51.9255,2.9255
EPL,2018,13,Newcastle United,38,12,9,17,42,48,45,39.9106505,-2.0893495,37.6271415,57.545492,9.545492,52.978485,-15.3513435,14.72173982,10.54533766,178,305,39.2231,-5.7769
EPL,2018,14,Bournemouth,38,13,6,19,56,70,45,58.812899,2.812899,51.962379,62.423162,-7.576838,58.617413,-6.655034,17.27589758,10.75228052,280,313,51.4947,6.4947
EPL,2018,15,Burnley,38,11,7,20,45,68,40,44.7412159,-0.2587841,43.2189159,66.122065,-1.877935,63.838595,-20.6196791,14.48541885,10.63024632,193,315,41.9982,1.9982
EPL,2018,16,Southampton,38,9,12,17,45,65,39,49.671325,4.671325,45.86548,59.271714,-5.728286,56.988214,-11.122734,12.04188637,10.88672932,206,300,45.1075,6.1075
EPL,2018,17,Brighton,38,9,9,20,35,60,36,37.027868,2.027868,32.460844,62.462145,2.462145,54.850534,-22.38969,15.00827184,11.45587038,153,321,36.186,0.186
EPL,2018,18,Cardiff,38,10,4,24,34,69,34,41.7697266,7.7697266,38.7250676,66.503167,-2.496833,61.174976,-22.4499084,18.46297272,6.019176202,143,357,37.4492,3.4492
EPL,2018,19,Fulham,38,7,5,26,34,81,26,42.621864,8.621864,40.338362,73.58661,-7.41339,68.25856,-27.920198,16.56661143,12.02167746,171,335,33.6044,7.6044
EPL,2018,20,Huddersfield,38,3,7,28,22,76,16,29.002263,7.002263,28.241098,67.194016,-8.805984,61.104739,-32.863641,12.82577516,11.01288846,133,276,29.6106,13.6106
EPL,2019,1,Liverpool,38,32,3,3,85,33,99,75.19337,-9.80663,71.38752,39.5728982,6.5728982,38.8117282,32.5757918,8.607605325,24.73821177,429,145,74.2784,-24.7216
EPL,2019,2,Manchester City,38,26,3,9,102,35,81,102.205233,0.205233,93.533026,36.997629,1.997629,34.714123,58.818903,9.314521146,25.48870736,547,135,86.7564,5.7564
EPL,2019,3,Manchester United,38,18,12,8,66,36,66,66.186663,0.186663,55.530384,38.059164,2.059164,35.775659,19.754725,10.46985844,12.80970684,290,178,70.9917,4.9917
EPL,2019,4,Chelsea,38,20,6,12,69,54,66,76.227787,7.227787,70.899599,41.0882999,-12.9117001,39.5659679,31.3336311,9.688095675,16.61028639,326,169,73.4872,7.4872
EPL,2019,5,Leicester,38,18,8,12,67,41,62,61.0171647,-5.9828353,55.6739347,47.894043,6.894043,40.282434,15.3915007,9.118037458,14.19606201,293,203,61.1553,-0.8447
EPL,2019,6,Tottenham,38,16,11,11,61,47,59,49.021303,-11.978697,45.83264,54.127111,7.127111,48.798972,-2.966332,12.80259644,11.16235865,224,264,49.2646,-9.7354
EPL,2019,7,Wolverhampton Wanderers,38,15,14,9,51,40,59,54.223981,3.223981,51.179312,37.3892739,-2.6107261,34.9610539,16.2182581,14.66136031,11.55435966,172,193,63.8213,4.8213
EPL,2019,8,Arsenal,38,14,14,10,56,48,56,50.822218,-5.177782,48.538798,57.252266,9.252266,51.007596,-2.468798,12.36765359,12.98809383,265,253,50.1471,-5.8529
EPL,2019,9,Burnley,38,15,9,14,43,50,54,49.3468938,6.3468938,47.0633828,53.839223,3.839223,50.01831,-2.9549272,13.25287445,10.47200296,145,263,49.5405,-4.4595
EPL,2019,10,Sheffield United,38,14,12,12,39,39,54,45.811621,6.811621,45.050451,52.042457,13.042457,49.758945,-4.708494,15.05234848,12.54896306,198,231,49.3411,-4.6589
EPL,2019,11,Southampton,38,15,7,16,51,60,52,56.496626,5.496626,52.535483,56.592573,-3.407427,53.547914,-1.012431,8.77010544,11.17921081,230,249,56.8654,4.8654
EPL,2019,12,Everton,38,13,10,15,44,56,49,53.710143,9.710143,52.948976,49.211622,-6.788378,46.167031,6.781945,10.84047602,10.87835861,203,215,55.7761,6.7761
EPL,2019,13,Newcastle United,38,11,11,16,38,58,44,36.491737,-1.508263,35.730567,67.029351,9.029351,65.507011,-29.776444,21.89675207,7.863314415,132,344,31.9173,-12.0827
EPL,2019,14,Crystal Palace,38,11,10,17,31,50,43,34.4479555,3.4479555,32.1644455,57.392237,7.392237,56.631067,-24.4666215,15.31590446,8.344128737,225,281,38.263,-4.737
EPL,2019,15,Brighton,38,9,14,15,39,54,41,47.424061,8.424061,45.90173,60.415849,6.415849,58.893509,-12.991779,11.49976194,13.5476829,242,264,48.0241,7.0241
EPL,2019,16,West Ham,38,10,9,19,49,62,39,49.0691132,0.0691132,46.0244362,68.323322,6.323322,63.756339,-17.7319028,14.38799707,10.82678512,217,308,38.7474,-0.2526
EPL,2019,17,Aston Villa,38,9,8,21,41,67,35,45.088989,4.088989,42.652501,71.595382,4.595382,66.884367,-24.231866,13.37709639,8.178343893,186,343,37.2269,2.2269
EPL,2019,18,Watford,38,8,10,20,36,64,34,48.562637,12.562637,42.473275,59.528113,-4.471887,52.522923,-10.049648,13.53182821,10.26728151,227,259,47.8737,13.8737
EPL,2019,19,Bournemouth,38,9,7,22,40,65,34,44.6710449,4.6710449,41.6264589,63.294345,-1.705655,58.727337,-17.1008781,14.24071985,9.699333656,210,326,39.1979,5.1979
EPL,2019,20,Norwich,38,5,6,27,26,75,21,37.2341749,11.2341749,35.7118339,71.607557,-3.392443,66.126467,-30.4146331,14.34070897,10.18310957,207,345,33.1223,12.1223
EPL,2020,1,Manchester City,38,27,5,6,83,32,86,77.715218,-5.284782,70.864704,30.6132741,-1.3867259,22.8165561,48.0481479,10.80575745,23.73290923,405,150,83.3816,-2.6184
EPL,2020,2,Manchester United,38,21,11,6,73,44,74,63.172237,-9.827763,54.799459,41.917999,-2.082001,38.87337,15.926089,11.84772259,13.83408818,339,186,65.6364,-8.3636
EPL,2020,3,Liverpool,38,20,9,9,68,42,69,72.207518,4.207518,67.640508,47.304588,5.304588,41.215242,26.425266,9.60291719,20.92972344,458,144,68.7981,-0.2019
EPL,2020,4,Chelsea,38,19,10,9,58,36,67,68.655594,10.655594,61.043974,30.904465,-5.095535,27.859784,33.18419,10.0935501,19.13879688,337,179,77.4102,10.4102
EPL,2020,5,Leicester,38,20,6,12,68,50,66,58.800116,-9.199884,49.666092,47.0650327,-2.9349673,44.0203537,5.6457383,11.19332616,15.36860459,237,209,59.749,-6.251
EPL,2020,6,West Ham,38,19,8,11,62,47,65,60.338271,-1.661729,57.132841,49.86208,2.86208,46.056243,11.076598,17.56882231,11.95903753,172,286,59.1827,-5.8173
EPL,2020,7,Tottenham,38,18,8,12,68,45,62,56.676279,-11.323721,52.870451,52.55146,7.55146,44.939763,7.930688,12.01099259,12.84209813,193,293,53.9769,-8.0231
EPL,2020,8,Arsenal,38,18,7,13,55,39,61,52.247381,-2.752619,47.680362,43.232285,4.232285,40.9488517,6.7315103,14.57561192,17.8229682,292,203,58.7177,-2.2823
EPL,2020,9,Leeds,38,18,5,15,62,54,59,59.258638,-2.741362,56.213962,63.021957,9.021957,56.010729,0.203233,7.641164832,13.80538327,305,283,51.8098,-7.1902
EPL,2020,10,Everton,38,17,8,13,47,48,59,49.237118,2.237118,45.41767,50.164161,2.164161,47.119485,-1.701815,15.32935095,13.12990756,207,270,50.7233,-8.2767
EPL,2020,11,Aston Villa,38,16,7,15,55,46,55,56.715489,1.715489,52.148472,53.2525562,7.2525562,48.6855926,3.4628794,11.67477199,9.848032298,274,312,54.06,-0.94
EPL,2020,12,Wolverhampton Wanderers,38,12,9,17,36,52,45,38.619038,2.619038,35.574369,52.194144,0.194144,46.104809,-10.53044,17.53327781,12.9161344,139,270,44.2578,-0.7422
EPL,2020,13,Newcastle United,38,12,9,17,46,62,45,43.959188,-2.040812,38.45959,60.023648,-1.976352,56.217829,-17.758239,21.08492114,9.006197548,138,322,42.6511,-2.3489
EPL,2020,14,Crystal Palace,38,12,8,18,41,66,44,35.2866084,-5.7133916,32.2419274,61.903947,-4.096053,58.859275,-26.6173476,18.61108722,8.048038891,201,272,37.9485,-6.0515
EPL,2020,15,Southampton,38,12,7,19,47,68,43,45.284568,-1.715432,40.717553,58.548461,-9.451539,51.697928,-10.980375,10.34231251,11.19752139,222,275,44.173,1.173
EPL,2020,16,Brighton,38,9,14,15,40,46,41,53.819028,13.819028,46.968639,39.906692,-6.093308,34.578507,12.390132,11.00775371,14.79413289,311,208,61.4067,20.4067
EPL,2020,17,Burnley,38,10,9,19,33,55,39,38.1279285,5.1279285,35.8444135,59.056713,4.056713,56.773208,-20.9287945,14.30751643,10.38995868,233,332,38.1024,-0.8976
EPL,2020,18,Fulham,38,5,13,20,27,53,28,41.055309,14.055309,36.4883067,57.6358378,4.6358378,52.3076578,-15.8193511,13.55803034,11.8601548,224,227,42.4183,14.4183
EPL,2020,19,West Bromwich Albion,38,5,11,22,35,76,26,34.9712902,-0.0287098,31.9266212,74.038872,-1.961128,65.666076,-33.7394548,18.05367745,8.570448062,164,343,29.5926,3.5926
EPL,2020,20,Sheffield United,38,7,2,29,20,63,23,33.1591767,13.1591767,30.1144991,66.107821,3.107821,63.063154,-32.9486549,15.2374628,12.88589153,198,285,29.9189,6.9189
EPL,2021,1,Manchester City,38,29,6,3,99,26,93,93.399873,-5.600127,86.324233,25.212244,-0.787756,24.451079,61.873154,9.284833917,27.92884889,508,138,91.8845,-1.1155
EPL,2021,2,Liverpool,38,28,8,2,94,26,92,93.022398,-0.977602,86.83102,32.731055,6.731055,32.731055,54.099965,8.415886584,24.40588608,461,159,86.5634,-5.4366
EPL,2021,3,Chelsea,38,21,11,6,76,33,74,69.297032,-6.702968,62.446512,35.1156242,2.1156242,30.5486102,31.8979018,9.391849135,19.0396756,385,163,73.3834,-0.6166
EPL,2021,4,Tottenham,38,22,5,11,69,40,71,67.9513206,-1.0486794,64.1454716,43.699303,3.699303,42.176963,21.9685086,14.35159857,14.64437978,285,255,66.0947,-4.9053
EPL,2021,5,Arsenal,38,22,3,13,61,48,69,63.391577,2.391577,57.191476,48.389506,0.389506,43.822492,13.368984,14.47855134,15.42555299,314,220,64.7622,-4.2378
EPL,2021,6,Manchester United,38,16,10,12,57,57,58,57.214908,0.214908,53.409058,56.85228,-0.14772,53.046457,0.362601,14.52880255,13.80139892,293,261,54.5247,-3.4753
EPL,2021,7,West Ham,38,16,8,14,60,51,56,54.983599,-5.016401,50.260774,53.876722,2.876722,49.3097,0.951074,16.02433712,15.19863844,239,294,53.5634,-2.4366
EPL,2021,8,Leicester,38,14,10,14,62,59,52,49.4886742,-12.5113258,47.9663352,66.106594,7.106594,59.063358,-11.0970228,14.75412691,14.17803493,252,293,42.3123,-9.6877
EPL,2021,9,Wolverhampton Wanderers,38,15,6,17,38,43,51,39.0430709,1.0430709,38.2819009,58.482697,15.482697,50.871051,-12.5891501,17.57558293,12.30505214,181,309,40.5351,-10.4649
EPL,2021,10,Brighton,38,12,15,11,42,44,51,49.567475,7.567475,44.239313,47.211438,3.211438,44.166798,0.072515,9.828596912,14.64427359,305,244,54.1822,3.1822
EPL,2021,11,Newcastle United,38,13,10,15,44,62,49,41.526526,-2.473474,39.243013,62.711766,0.711766,57.98894,-18.745927,16.03294512,8.5935405,170,293,41.5255,-7.4745
EPL,2021,12,Crystal Palace,38,11,15,12,50,46,48,48.843907,-1.156093,42.663892,41.3314426,-4.6685574,38.2867746,4.3771174,13.98329722,10.78772287,213,238,58.15,10.15
EPL,2021,13,Brentford,38,13,7,18,48,56,46,52.889575,4.889575,48.322585,49.500452,-6.499548,45.694635,2.62795,13.07631217,11.09352828,232,226,55.9965,9.9965
EPL,2021,14,Aston Villa,38,13,6,19,52,54,45,43.129543,-8.870457,40.846035,53.095725,-0.904275,48.417956,-7.571921,14.20101841,9.577927408,258,258,46.2012,1.2012
EPL,2021,15,Southampton,38,9,13,16,43,67,40,47.348042,4.348042,44.303364,64.557484,-2.442516,63.035144,-18.73178,11.33243793,10.43543497,209,286,43.4481,3.4481
EPL,2021,16,Everton,38,11,6,21,43,66,39,44.469731,1.469731,39.14161,60.694247,-5.305753,59.171904,-20.030294,16.48633988,8.503122736,190,299,43.538,4.538
EPL,2021,17,Leeds,38,9,11,18,42,79,38,51.186082,9.186082,47.380234,71.309612,-7.690388,67.503772,-20.123538,10.31034728,12.07211565,239,300,43.8587,5.8587
EPL,2021,18,Burnley,38,7,14,17,34,53,35,41.1058913,7.1058913,39.5835523,60.22312,7.22312,56.417304,-16.8337517,13.53338377,10.23363034,184,316,38.1035,3.1035
EPL,2021,19,Watford,38,6,5,27,34,77,23,39.340391,5.340391,37.818061,67.53443,-9.46557,62.20624,-24.388179,16.55025359,8.259414641,159,339,35.4528,12.4528
EPL,2021,20,Norwich,38,5,7,26,23,84,22,31.5116008,8.5116008,29.2281298,80.075475,-3.924525,70.716337,-41.4882072,17.37099913,10.38332172,188,374,25.0385,3.0385
EPL,2022,1,Arsenal,8,7,0,1,20,8,21,16.65812,-3.34188,16.65812,7.403409,-0.596591,6.642235,10.015885,9.490524903,14.43340763,103,28,17.2552,-3.7448
EPL,2022,2,Tottenham,8,5,2,1,19,10,17,14.005495,-4.994505,12.483151,9.696234,-0.303766,8.93507,3.548081,14.41566014,15.56748053,58,62,13.8838,-3.1162
EPL,2022,3,Manchester City,7,5,2,0,23,6,17,17.52037,-5.47963,16.75921,3.994949,-2.005051,3.994949,12.764261,12.23007524,36.25173063,82,19,18.4638,1.4638
EPL,2022,4,Brighton,7,4,2,1,14,8,14,13.62448,-0.37552,11.340966,7.810276,-0.189724,7.810276,3.53069,11.8905259,17.57513369,49,44,14.1209,0.1209
EPL,2022,5,Chelsea,7,4,1,2,10,10,13,9.671345,-0.328655,8.910175,9.869333,-0.130667,9.869333,-0.959158,7.083281711,15.26147959,52,22,9.3627,-3.6373
EPL,2022,6,Manchester United,6,4,0,2,8,8,12,8.807028,0.807028,8.807028,8.036276,0.036276,8.036276,0.770752,13.63739888,11.65790505,53,53,8.7735,-3.2265
EPL,2022,7,Newcastle United,8,2,5,1,12,8,11,15.959198,3.959198,15.198025,10.992909,2.992909,10.992909,4.205116,9.606374003,14.95601863,95,56,13.3264,2.3264
EPL,2022,8,Fulham,8,3,2,3,13,15,11,9.667484,-3.332516,8.145147,17.903485,2.903485,17.142311,-8.997164,16.53533336,9.695765857,29,76,6.961,-4.039
EPL,2022,9,Brentford,8,2,4,2,15,12,10,12.149037,-2.850963,11.387877,10.557424,-1.442576,10.557424,0.830453,13.20293534,12.11201054,48,55,12.368,2.368
EPL,2022,10,Everton,8,2,4,2,7,7,10,9.966883,2.966883,9.966883,12.838976,5.838976,12.077806,-2.110923,16.6575896,9.417736702,42,65,8.8215,-1.1785
EPL,2022,11,Liverpool,7,2,4,1,18,9,10,16.25929,-1.74071,16.25929,9.512437,0.512437,8.751264,7.508026,7.737971962,24.09846877,103,37,12.809,2.809
EPL,2022,12,Bournemouth,8,2,3,3,6,19,9,4.106765,-1.893235,4.106765,14.205685,-4.794315,12.683341,-8.576576,22.60005349,8.592156343,36,95,5.1401,-3.8599
EPL,2022,13,Leeds,6,2,2,2,10,10,8,9.08607,-0.91393,9.08607,8.732992,-1.267008,7.971832,1.114238,6.235522838,10.20559168,38,34,8.58,0.58
EPL,2022,14,Aston Villa,7,2,1,4,6,10,7,6.184448,0.184448,6.184448,10.148812,0.148812,9.244062,-3.059614,14.47345657,13.32251951,42,50,7.6329,0.6329
EPL,2022,15,West Ham,8,2,1,5,5,9,7,8.072712,3.072712,7.311542,9.094431,0.094431,7.572101,-0.260559,20.27783883,16.60978002,28,44,10.7358,3.7358
EPL,2022,16,Southampton,8,2,1,5,8,13,7,9.223178,1.223178,9.223178,11.149208,-1.850792,11.149208,-1.92603,11.75666923,7.106846566,55,62,9.2914,2.2914
EPL,2022,17,Crystal Palace,7,1,3,3,8,11,6,8.262224,0.262224,7.357474,12.640958,1.640958,12.640958,-5.283484,23.33340548,8.427734144,26,84,6.7839,0.7839
EPL,2022,18,Wolverhampton Wanderers,8,1,3,4,3,9,6,7.415001,4.415001,7.415001,9.410955,0.410955,8.649791,-1.23479,14.57068399,13.23847996,55,59,9.174,3.174
EPL,2022,19,Nottingham Forest,7,1,1,5,6,17,4,7.401321,1.401321,6.64015,13.916481,-3.083519,12.394141,-5.753991,17.9725725,11.74234446,27,70,6.1339,2.1339
EPL,2022,20,Leicester,7,0,1,6,10,22,1,6.624798,-3.375202,5.863634,12.750017,-9.249983,11.988847,-6.125213,18.87477787,16.50642657,41,47,5.2527,4.2527
Bundesliga,2018,1,Bayern Munich,34,24,6,4,88,32,78,92.240857,4.240857,89.209907,27.4123437,-4.5876563,22.8657611,66.3441459,8.642572553,30.23654057,435,89,82.003,4.003
Bundesliga,2018,2,Borussia Dortmund,34,23,7,4,81,44,76,64.994402,-16.005598,61.963292,42.875457,-1.124543,39.086641,22.876651,14.56087775,15.57433156,268,159,62.854,-13.146
Bundesliga,2018,3,RasenBallsport Leipzig,34,19,9,6,63,29,66,68.246406,5.246406,62.942144,39.653422,10.653422,35.106988,27.835156,10.66336904,10.54746879,245,160,63.0567,-2.9433
Bundesliga,2018,4,Bayer Leverkusen,34,18,4,12,69,52,58,61.489672,-7.510328,57.7011054,45.710428,-6.289572,41.163765,16.5373404,10.26400562,15.04245898,288,165,57.402,-0.598
Bundesliga,2018,5,Borussia M.Gladbach,34,16,7,11,55,42,55,54.926189,-0.073811,49.519472,52.868345,10.868345,50.595009,-1.075537,16.61316998,18.87589398,237,227,51.3782,-3.6218
Bundesliga,2018,6,Wolfsburg,34,16,7,11,62,50,55,49.490941,-12.509059,45.702556,49.835679,-0.164321,45.194779,0.507777,10.77414985,13.03445258,181,182,47.0353,-7.9647
Bundesliga,2018,7,Eintracht Frankfurt,34,15,9,10,60,48,54,61.842493,1.842493,58.81138,51.017874,3.017874,50.260094,8.551286,11.3874003,10.68001221,178,217,54.3757,0.3757
Bundesliga,2018,8,Werder Bremen,34,14,11,9,58,49,53,49.360429,-8.639571,46.32931,56.70904,7.70904,52.920239,-6.590929,11.85614479,15.16784382,233,206,44.3628,-8.6372
Bundesliga,2018,9,Hoffenheim,34,13,12,9,70,52,51,79.954644,9.954644,74.650372,53.288005,1.288005,47.983984,26.666388,9.062837225,13.83326547,308,239,62.956,11.956
Bundesliga,2018,10,Fortuna Duesseldorf,34,13,5,16,49,65,44,49.474933,0.474933,44.170747,63.06352,-1.93648,57.759085,-13.588338,17.28416196,10.34453598,163,223,39.2058,-4.7942
Bundesliga,2018,11,Hertha Berlin,34,11,10,13,49,57,43,50.520192,1.520192,47.48908,61.583148,4.583148,57.036979,-9.547899,12.12660954,12.11164007,194,252,41.9502,-1.0498
Bundesliga,2018,12,Mainz 05,34,12,7,15,46,57,43,49.214245,3.214245,46.941165,62.803411,5.803411,59.772791,-12.831626,14.18330497,10.58064516,211,244,39.3397,-3.6603
Bundesliga,2018,13,Freiburg,34,8,12,14,46,61,36,41.225196,-4.774804,36.584205,61.429392,0.429392,56.124945,-19.54074,14.87362494,11.0632123,141,249,35.6689,-0.3311
Bundesliga,2018,14,Schalke 04,34,8,9,17,37,55,33,46.618307,9.618307,39.798398,51.939163,-3.060837,47.392663,-7.594265,11.94204833,8.963418873,168,184,44.1576,11.1576
Bundesliga,2018,15,Augsburg,34,8,8,18,51,71,32,47.443577,-3.556423,43.654934,63.79157,-7.20843,62.17374,-18.518806,11.91881708,11.32513188,182,266,37.0815,5.0815
Bundesliga,2018,16,VfB Stuttgart,34,7,7,20,32,70,28,37.3775347,5.3775347,36.6197567,62.698248,-7.301752,60.424928,-23.8051713,14.46885726,10.8382929,153,260,31.9873,3.9873
Bundesliga,2018,17,Hannover 96,34,5,6,23,31,71,21,34.808797,3.808797,32.53547,73.120366,2.120366,67.816015,-35.280545,18.07376549,9.46254696,157,309,25.2055,4.2055
Bundesliga,2018,18,Nuernberg,34,3,10,21,26,68,19,35.371743,9.371743,30.825158,54.801146,-13.198854,51.770046,-20.944888,20.30427484,11.31829942,148,259,35.1158,16.1158
Bundesliga,2019,1,Bayern Munich,34,26,4,4,100,32,82,92.851562,-7.148438,88.304903,36.471658,4.471658,33.440558,54.864345,8.064507721,21.02012425,407,119,77.3257,-4.6743
Bundesliga,2019,2,Borussia Dortmund,34,21,6,7,84,41,69,64.261664,-19.738336,62.746424,42.0247142,1.0247142,39.7517072,22.9947168,12.12183926,18.71065628,297,135,62.4827,-6.5173
Bundesliga,2019,3,RasenBallsport Leipzig,34,18,12,4,81,37,66,76.126563,-4.873437,72.337779,37.584974,0.584974,36.069432,36.268347,10.69132539,14.9234537,303,157,68.7067,2.7067
Bundesliga,2019,4,Borussia M.Gladbach,34,20,5,9,66,40,65,73.58177,7.58177,69.007018,46.053456,6.053456,44.538147,24.468871,11.75808748,12.36793676,232,166,62.6315,-2.3685
Bundesliga,2019,5,Bayer Leverkusen,34,19,6,9,61,44,63,61.884306,0.884306,60.369006,49.678883,5.678883,48.16341,12.205596,7.916516874,15.8496186,230,158,54.6178,-8.3822
Bundesliga,2019,6,Hoffenheim,34,15,7,12,53,53,52,56.660719,3.660719,53.629609,58.75116,5.75116,52.68954,0.940069,13.01399166,13.9129562,201,230,45.8749,-6.1251
Bundesliga,2019,7,Wolfsburg,34,13,10,11,48,46,49,54.433489,6.433489,51.40239,41.90653,-4.09347,38.117894,13.284496,10.0502841,9.985282502,192,171,55.6943,6.6943
Bundesliga,2019,8,Freiburg,34,13,9,12,48,47,48,46.140809,-1.859191,41.594398,63.370737,16.370737,60.311458,-18.71706,15.68241749,12.0355088,158,258,39.1515,-8.8485
Bundesliga,2019,9,Eintracht Frankfurt,34,13,6,15,59,60,45,58.3335652,-0.6664348,56.8180952,50.926053,-9.073947,48.652886,8.1652092,10.36541666,13.25292629,188,166,52.7225,7.7225
Bundesliga,2019,10,Hertha Berlin,34,11,8,15,48,59,41,44.298706,-3.701294,42.025465,55.577932,-3.422068,50.273578,-8.248113,14.62921271,12.29054491,151,241,39.5544,-1.4456
Bundesliga,2019,11,Union Berlin,34,12,5,17,41,58,41,41.577336,0.577336,37.788534,54.941872,-3.058128,51.910915,-14.122381,12.87087298,9.583942495,119,216,39.3247,-1.6753
Bundesliga,2019,12,Schalke 04,34,9,12,13,38,58,39,35.926041,-2.073959,34.410498,54.22276,-3.77724,49.676254,-15.265756,10.87458494,10.07268666,194,180,35.8382,-3.1618
Bundesliga,2019,13,Mainz 05,34,11,4,19,44,65,37,46.189702,2.189702,43.916372,62.898024,-2.101976,59.109234,-15.192862,13.31374861,8.883933056,181,242,39.15,2.15
Bundesliga,2019,14,Augsburg,34,9,9,16,45,63,36,43.85645,-1.14355,40.067565,59.119342,-3.880658,58.36173,-18.294165,16.80400752,8.402156691,133,223,39.7766,3.7766
Bundesliga,2019,15,FC Cologne,34,10,6,18,51,69,36,49.277536,-1.722464,46.246509,54.544334,-14.455666,49.997671,-3.751162,11.44860807,10.41044115,167,226,43.8903,7.8903
Bundesliga,2019,16,Werder Bremen,34,8,7,19,42,69,31,37.738137,-4.261863,33.191644,56.939854,-12.060146,56.182084,-22.99044,12.85206638,11.04174268,186,205,35.1185,4.1185
Bundesliga,2019,17,Fortuna Duesseldorf,34,6,12,16,36,67,30,35.69057,-0.30943,32.659862,64.448134,-2.551866,60.659343,-27.999481,16.81042865,11.74507791,143,207,32.8686,2.8686
Bundesliga,2019,18,Paderborn,34,4,8,22,37,74,20,38.46536,1.46536,35.434758,67.833868,-6.166132,64.044988,-28.61023,14.44075902,9.219686589,113,295,28.6711,8.6711
Bundesliga,2020,1,Bayern Munich,34,24,6,4,99,44,78,75.93241,-23.06759,68.354668,38.873343,-5.126657,36.600098,31.75457,8.536037561,18.61246237,424,157,67.0427,-10.9573
Bundesliga,2020,2,RasenBallsport Leipzig,34,19,8,7,60,32,65,67.142952,7.142952,59.565362,29.236874,-2.763126,26.963542,32.60182,8.863846337,16.63237042,335,129,71.422,6.422
Bundesliga,2020,3,Borussia Dortmund,34,20,4,10,75,46,64,68.952083,-6.047917,63.590713,39.4393671,-6.5606329,34.8927081,28.6980049,10.9119468,18.16682097,398,152,65.191,1.191
Bundesliga,2020,4,Wolfsburg,34,17,10,7,61,37,61,51.594277,-9.405723,49.320957,39.15972,2.15972,35.262087,14.05887,9.756627477,12.68769608,252,174,55.3114,-5.6886
Bundesliga,2020,5,Eintracht Frankfurt,34,16,12,6,69,53,60,60.525321,-8.474679,54.463366,47.733411,-5.266589,43.057048,11.406318,9.187275139,14.1523741,242,219,56.2753,-3.7247
Bundesliga,2020,6,Bayer Leverkusen,34,14,10,10,53,39,52,47.275759,-5.724241,45.002422,40.4082051,1.4082051,38.8502011,6.1522209,9.92284967,16.166815,228,172,50.0062,-1.9938
Bundesliga,2020,7,Union Berlin,34,12,14,8,50,43,50,46.001201,-3.998799,40.564076,43.506806,0.506806,39.7180888,0.8459872,17.06205247,12.90102883,136,189,51.7059,1.7059
Bundesliga,2020,8,Borussia M.Gladbach,34,13,10,11,64,56,49,54.109291,-9.890709,45.773941,44.712986,-11.287014,40.166349,5.607592,12.18701384,14.58082356,228,213,52.1787,3.1787
Bundesliga,2020,9,VfB Stuttgart,34,12,9,13,56,55,45,52.178271,-3.821729,46.007313,53.792773,-1.207227,48.488428,-2.481115,11.3829133,10.38643745,220,275,47.1796,2.1796
Bundesliga,2020,10,Freiburg,34,12,9,13,52,52,45,45.113868,-6.886132,40.567368,52.977792,0.977792,48.431225,-7.863857,13.68207487,13.00494878,151,218,41.1846,-3.8154
Bundesliga,2020,11,Hoffenheim,34,11,10,13,52,54,43,50.3240181,-1.6759819,45.7774431,52.880712,-1.119288,46.060876,-0.2834329,11.87701832,14.32973066,243,218,45.1822,2.1822
Bundesliga,2020,12,Mainz 05,34,10,9,15,39,56,39,48.460541,9.460541,44.671812,52.198873,-3.801127,47.066685,-2.394873,14.7245909,9.137872365,192,219,44.366,5.366
Bundesliga,2020,13,Augsburg,34,10,6,18,36,54,36,36.014441,0.014441,32.225632,57.146661,3.146661,50.326763,-18.101131,16.3620397,8.551569233,115,290,34.4781,-1.5219
Bundesliga,2020,14,Hertha Berlin,34,8,11,15,41,52,35,40.7140405,-0.2859595,36.1676053,46.693312,-5.306688,40.631264,-4.4636587,12.38328113,12.17976983,170,208,43.2071,8.2071
Bundesliga,2020,15,Arminia Bielefeld,34,9,8,17,26,52,35,31.139688,5.139688,29.601859,58.981925,6.981925,54.435425,-24.833566,16.34147034,11.12949846,163,278,30.0842,-4.9158
Bundesliga,2020,16,FC Cologne,34,8,9,17,34,60,33,39.63866,5.63866,35.091989,53.1819894,-6.8180106,46.2291594,-11.1371704,15.82835829,11.22975566,144,252,37.7111,4.7111
Bundesliga,2020,17,Werder Bremen,34,7,10,17,36,57,31,32.510161,-3.489839,28.721437,53.698999,-3.301001,48.923369,-20.201932,17.20844193,9.510615926,134,250,33.7456,2.7456
Bundesliga,2020,18,Schalke 04,34,3,7,24,25,86,16,27.659775,2.659775,25.214052,70.663009,-15.336991,64.578699,-39.364647,15.68075865,8.538007031,135,297,20.4736,4.4736
Bundesliga,2021,1,Bayern Munich,34,24,5,5,97,37,77,99.905525,2.905525,96.116649,38.609638,1.609638,37.094167,59.022482,8.412883748,18.6920326,522,162,78.8344,1.8344
Bundesliga,2021,2,Borussia Dortmund,34,22,3,9,85,52,69,65.646279,-19.353721,57.310899,47.673329,-4.326671,43.126752,14.184147,10.63882181,15.73451615,306,198,58.3,-10.7
Bundesliga,2021,3,Bayer Leverkusen,34,19,7,8,80,47,64,66.312395,-13.687605,61.765734,45.015163,-1.984837,41.98406,19.781674,12.97329203,13.36495889,283,232,59.2304,-4.7696
Bundesliga,2021,4,RasenBallsport Leipzig,34,17,7,10,72,37,58,67.396235,-4.603765,60.576251,44.377843,7.377843,42.104522,18.471729,12.00166377,15.36000879,357,166,60.5882,2.5882
Bundesliga,2021,5,Union Berlin,34,16,9,9,50,44,57,55.20362,5.20362,51.414738,39.82665,-4.17335,38.3111,13.103638,15.43674748,12.00850486,173,177,58.2838,1.2838
Bundesliga,2021,6,Freiburg,34,15,10,9,58,46,55,57.728731,-0.271269,53.115849,49.084705,3.084705,47.569153,5.546696,12.34919179,12.39850186,241,247,52.9271,-2.0729
Bundesliga,2021,7,FC Cologne,34,14,10,10,52,49,52,52.300107,0.300107,51.542407,53.092438,4.092438,52.334668,-0.792261,7.884031842,10.9214911,231,208,49.0441,-2.9559
Bundesliga,2021,8,Hoffenheim,34,13,7,14,58,60,46,59.76566,1.76566,59.76566,57.266329,-2.733671,54.168829,5.596831,12.19392494,15.79961408,269,176,46.6967,0.6967
Bundesliga,2021,9,Mainz 05,34,13,7,14,50,45,46,52.082733,2.082733,49.051623,43.40648,-1.59352,38.859895,10.191728,11.25945976,10.01750861,223,182,50.623,4.623
Bundesliga,2021,10,Borussia M.Gladbach,34,12,9,13,54,61,45,59.922025,5.922025,54.617583,60.71194,-0.28806,56.923075,-2.305492,12.11853774,12.10676565,250,206,49.7428,4.7428
Bundesliga,2021,11,Eintracht Frankfurt,34,10,12,12,45,49,42,41.650022,-3.349978,40.134465,54.381781,5.381781,51.350674,-11.216209,11.02336025,13.02707983,164,266,39.6309,-2.3691
Bundesliga,2021,12,Wolfsburg,34,12,6,16,43,54,42,49.273872,6.273872,46.24277,53.476041,-0.523959,48.148939,-1.906169,11.85669491,12.62550038,197,236,44.2423,2.2423
Bundesliga,2021,13,Bochum,34,12,6,16,38,52,42,44.781796,6.781796,40.235229,58.17845,6.17845,52.116231,-11.881002,11.96511757,10.79254756,131,267,42.8655,0.8655
Bundesliga,2021,14,Augsburg,34,10,8,16,39,56,38,38.950649,-0.049351,35.161756,65.0222095,9.0222095,61.2335535,-26.0717975,13.77205842,8.446303641,160,268,33.6577,-4.3423
Bundesliga,2021,15,VfB Stuttgart,34,7,12,15,41,59,33,47.906166,6.906166,45.610184,55.456865,-3.543135,52.425769,-6.815585,12.65005024,11.77572088,195,248,40.4546,7.4546
Bundesliga,2021,16,Hertha Berlin,34,9,6,19,37,71,33,37.894818,0.894818,35.621482,58.790993,-12.209007,52.72878,-17.107298,15.429642,8.065094819,130,264,37.9523,4.9523
Bundesliga,2021,17,Arminia Bielefeld,34,5,13,16,27,53,28,27.224387,0.224387,25.708908,69.665552,16.665552,64.361262,-38.652354,15.26339706,10.14752619,158,336,22.0246,-5.9754
Bundesliga,2021,18,Greuther Fuerth,34,3,9,22,28,82,18,30.6357625,2.6357625,26.8469585,60.544376,-21.455624,55.997716,-29.1507575,13.51977925,9.464978739,108,259,26.4837,8.4837
Bundesliga,2022,1,Union Berlin,8,5,2,1,15,6,17,6.98732,-8.01268,6.229544,7.485476,1.485476,6.727696,-0.498152,15.40970436,13.91616196,40,50,10.3702,-6.6298
Bundesliga,2022,2,Freiburg,8,5,2,1,12,6,17,13.931508,1.931508,13.085758,9.02844,3.02844,9.02844,4.057318,11.11158388,11.31335784,52,61,13.7246,-3.2754
Bundesliga,2022,3,Bayern Munich,8,4,3,1,23,6,15,20.75132,-2.24868,19.99355,7.275749,1.275749,6.51797,13.47558,7.252847726,23.24653557,131,29,18.4791,3.4791
Bundesliga,2022,4,Borussia Dortmund,8,5,0,3,11,10,15,14.624913,3.624913,14.624913,8.1838869,-1.8161131,8.1838869,6.4410261,8.762118407,12.78970149,65,37,14.6031,-0.3969
Bundesliga,2022,5,Eintracht Frankfurt,8,4,2,2,16,13,14,11.125894,-4.874106,10.368114,11.481871,-1.518129,10.724091,-0.355977,15.09413318,11.56434057,41,49,11.157,-2.843
Bundesliga,2022,6,Hoffenheim,7,4,1,2,12,7,13,11.551104,-0.448896,10.035554,9.392397,2.392397,9.392397,0.643157,10.95746509,13.55550129,54,67,10.6494,-2.3506
Bundesliga,2022,7,FC Cologne,8,3,4,1,14,10,13,14.47945,0.47945,13.72167,9.153182,-0.846818,8.395406,5.326264,7.956005057,15.73432001,58,41,12.9803,-0.0197
Bundesliga,2022,8,Borussia M.Gladbach,8,3,3,2,11,10,12,14.636887,3.636887,13.121332,12.176844,2.176844,11.41907,1.702262,15.86076653,12.82146539,61,66,13.4481,1.4481
Bundesliga,2022,9,Werder Bremen,8,3,3,2,18,13,12,14.030967,-3.969033,11.757647,11.877586,-1.122414,11.877586,-0.119939,9.719882504,11.39792457,61,50,12.3953,0.3953
Bundesliga,2022,10,Mainz 05,8,3,2,3,8,12,11,9.861072,1.861072,9.103302,11.596538,-0.403462,10.838758,-1.735456,12.7730712,12.21566305,55,51,10.8362,-0.1638
Bundesliga,2022,11,RasenBallsport Leipzig,8,3,2,3,13,12,11,15.45847,2.45847,13.18523,10.329086,-1.670914,9.571306,3.613924,9.537370712,14.7394676,59,41,14.0714,3.0714
Bundesliga,2022,12,Augsburg,7,3,0,4,5,10,9,6.402779,1.402779,6.402779,14.90445,4.90445,13.38891,-6.986131,10.97653849,6.600682178,34,71,4.4594,-4.5406
Bundesliga,2022,13,Wolfsburg,8,2,2,4,8,14,8,7.034368,-0.965632,7.034368,14.229898,0.229898,11.956654,-4.922286,11.9553693,11.71705536,43,49,6.8499,-1.1501
Bundesliga,2022,14,Schalke 04,7,1,3,3,8,14,6,8.4353109,0.4353109,6.1619829,12.659368,-1.340632,12.659368,-6.4973851,14.41283738,10.59856955,36,57,8.7554,2.7554
Bundesliga,2022,15,Hertha Berlin,7,1,3,3,7,9,6,9.397122,2.397122,9.397122,10.096006,1.096006,8.580451,0.816671,16.08128703,8.02202381,33,54,9.2362,3.2362
Bundesliga,2022,16,Bayer Leverkusen,8,1,2,5,9,16,5,12.854947,3.854947,12.854947,14.915473,-1.084527,14.915473,-2.060526,15.61009536,11.50144177,61,66,9.1784,4.1784
Bundesliga,2022,17,VfB Stuttgart,8,0,5,3,9,13,5,9.630733,0.630733,8.872954,11.772601,-1.227399,11.772601,-2.899647,14.65851371,10.29444467,55,59,9.5917,4.5917
Bundesliga,2022,18,Bochum,8,0,1,7,5,23,1,7.152437,2.152437,7.152437,21.78775,-1.21225,17.15314,-10.000703,15.81312317,10.20763748,36,77,3.997,2.997
Serie_A,2018,1,Juventus,38,28,6,4,70,30,90,64.52718,-5.47282,58.436831,35.0320531,5.0320531,31.9869368,26.4498942,10.16017446,13.96474061,290,158,70.9299,-19.0701
Serie_A,2018,2,Napoli,38,24,7,7,74,36,79,68.237943,-5.762057,65.192793,36.5023365,0.5023365,33.4571795,31.7356135,10.72423636,18.07018732,344,181,74.4511,-4.5489
Serie_A,2018,3,Atalanta,38,20,9,9,77,46,69,74.425293,-2.574707,71.380093,41.849468,-4.150532,38.043013,33.33708,8.926904684,13.72403148,367,164,71.8826,2.8826
Serie_A,2018,4,Inter,38,20,9,9,57,33,69,66.473848,9.473848,59.622361,38.401341,5.401341,34.594895,25.027466,9.183001993,17.12403833,311,192,71.7462,2.7462
Serie_A,2018,5,AC Milan,38,19,11,8,55,36,68,52.164813,-2.835187,49.1196927,41.701701,5.701701,37.895201,11.2244917,11.9369673,14.05629057,255,194,60.1064,-7.8936
Serie_A,2018,6,Roma,38,18,12,8,66,48,66,68.394175,2.394175,63.82645,52.793821,4.793821,47.464805,16.361645,13.65705268,13.70571556,296,219,62.1298,-3.8702
Serie_A,2018,7,Torino,38,16,15,7,52,37,63,46.471205,-5.528795,41.903657,48.943205,11.943205,45.136753,-3.233096,7.604060631,8.572115785,219,215,49.8381,-13.1619
Serie_A,2018,8,Lazio,38,17,8,13,56,46,59,61.265079,5.265079,56.697329,46.445482,0.445482,41.868607,14.828722,11.66945119,13.17201328,337,196,61.0383,2.0383
Serie_A,2018,9,Sampdoria,38,15,8,15,60,51,53,53.194756,-6.805244,44.05938,54.274882,3.274882,48.048578,-3.989198,9.506282647,12.8643313,290,215,50.9482,-2.0518
Serie_A,2018,10,Bologna,38,11,11,16,48,56,44,48.100653,0.100653,44.294153,51.055622,-4.944378,48.010421,-3.716268,13.43292008,9.090118792,200,238,48.9535,4.9535
Serie_A,2018,11,Sassuolo,38,9,16,13,53,60,43,49.754823,-3.245177,45.948365,61.107331,1.107331,55.0172524,-9.0688874,11.5693521,11.22654133,191,220,45.6398,2.6398
Serie_A,2018,12,Udinese,38,11,10,17,39,53,43,42.486283,3.486283,36.21948,62.234326,9.234326,55.382728,-19.163248,14.5203791,8.258603131,166,290,38.6658,-4.3342
Serie_A,2018,13,SPAL 2013,38,11,9,18,44,56,42,43.28407,-0.71593,37.193884,54.011208,-1.988792,50.20475,-13.010866,12.36777924,10.44917034,139,288,44.734,2.734
Serie_A,2018,14,Fiorentina,38,8,17,13,47,45,41,54.123063,7.123063,49.55528,44.0784088,-0.9215912,39.5107318,10.0445482,9.725814177,10.54236863,211,194,59.218,18.218
Serie_A,2018,15,Cagliari,38,10,11,17,36,54,41,40.939495,4.939495,38.655595,63.74084,9.74084,56.127924,-17.472329,10.48832488,12.99950644,196,292,39.3664,-1.6336
Serie_A,2018,16,Parma Calcio 1913,38,10,11,17,41,61,41,41.0986435,0.0986435,37.2921849,64.981144,3.981144,58.89079,-21.5986051,16.81957509,7.936237585,128,346,36.7845,-4.2155
Serie_A,2018,17,Genoa,38,8,14,16,39,57,38,44.5390678,5.5390678,40.7326488,56.354305,-0.645695,51.786555,-11.0539062,12.17197103,9.158079887,235,255,44.6818,6.6818
Serie_A,2018,18,Empoli,38,10,8,20,51,70,38,52.061419,1.061419,46.59641,63.32738,-6.67262,57.237067,-10.640657,14.09607361,11.30325241,292,265,46.5398,8.5398
Serie_A,2018,19,Frosinone,38,5,10,23,29,69,25,36.1032521,7.1032521,32.2967901,64.5936685,-4.4063315,60.7872985,-28.4905084,14.777899,9.125747001,139,335,35.9425,10.9425
Serie_A,2018,20,Chievo,38,2,14,22,25,75,20,36.4763295,11.4763295,31.9085255,62.692868,-12.307132,59.480417,-27.5718915,13.51812325,11.51325371,147,296,35.0001,15.0001
Serie_A,2019,1,Juventus,38,26,5,7,76,43,83,73.774528,-2.225472,63.116505,40.996703,-2.003297,31.640492,31.476013,9.041600046,15.61171237,270,174,71.2394,-11.7606
Serie_A,2019,2,Inter,38,24,10,4,81,36,82,73.953151,-7.046849,65.490966,39.357559,3.357559,36.312366,29.1786,9.199277768,16.55641323,327,192,75.3771,-6.6229
Serie_A,2019,3,Lazio,38,24,6,8,79,42,78,67.549012,-11.450988,53.718826,52.333139,10.333139,45.4816,8.237226,13.29080744,13.49513421,345,230,62.183,-15.817
Serie_A,2019,4,Atalanta,38,23,9,6,98,48,78,86.174744,-11.825256,78.527354,41.72679,-6.27321,37.159127,41.368227,8.020852036,13.79597981,369,144,76.0125,-1.9875
Serie_A,2019,5,Roma,38,21,7,10,77,51,70,78.315802,1.315802,67.657826,49.150226,-1.849774,41.422453,26.235373,11.65448165,14.16229408,331,187,70.2617,0.2617
Serie_A,2019,6,AC Milan,38,19,9,10,63,46,66,65.266741,2.266741,58.415148,46.415707,0.415707,38.540585,19.874563,8.956627413,13.00284541,323,182,65.4665,-0.5335
Serie_A,2019,7,Napoli,38,18,8,12,61,50,62,63.877947,2.877947,60.071495,43.17308,-6.82692,37.082686,22.988809,11.922602,17.53766371,310,174,66.4911,4.4911
Serie_A,2019,8,Sassuolo,38,14,9,15,69,63,51,53.418449,-15.581551,48.850694,65.069217,2.069217,58.217556,-9.366862,10.11109963,12.68417523,279,254,46.1654,-4.8346
Serie_A,2019,9,Parma Calcio 1913,38,14,7,17,56,57,49,47.123382,-8.876618,42.555627,64.125072,7.125072,56.512217,-13.95659,13.84050121,8.94392571,202,304,41.8303,-7.1697
Serie_A,2019,10,Fiorentina,38,12,13,13,51,48,49,53.491569,2.491569,45.117389,50.29621,2.29621,41.922047,3.195342,13.2508392,9.524442446,229,189,54.9225,5.9225
Serie_A,2019,11,Verona,38,12,13,13,47,51,49,52.48854,5.48854,45.577635,53.952586,2.952586,47.100938,-1.523303,9.326629323,11.31856817,248,295,50.2636,1.2636
Serie_A,2019,12,Bologna,38,12,11,15,52,65,47,57.414224,5.414224,52.846505,54.874572,-10.125428,48.6962847,4.1502203,8.074800309,10.53484026,222,280,52.9682,5.9682
Serie_A,2019,13,Udinese,38,12,9,17,37,51,45,43.688136,6.688136,43.688136,52.540571,1.540571,44.762459,-1.074323,15.99331626,10.44870103,212,273,49.3243,4.3243
Serie_A,2019,14,Cagliari,38,11,12,15,52,56,45,41.923216,-10.076784,37.240513,60.983214,4.983214,54.131521,-16.891008,14.31166152,9.755232145,166,305,40.054,-4.946
Serie_A,2019,15,Sampdoria,38,12,6,20,48,65,42,48.915226,0.915226,40.45507,56.21436,-8.78564,49.362819,-8.907749,12.97379386,9.991497954,205,232,49.7119,7.7119
Serie_A,2019,16,Torino,38,11,7,20,46,68,40,43.486072,-2.513928,37.39569,63.493718,-4.506282,55.119478,-17.723788,9.322558895,8.504657046,178,258,39.0417,-0.9583
Serie_A,2019,17,Genoa,38,10,9,19,47,73,39,49.888493,2.888493,37.542762,59.5093829,-13.4906171,52.6577249,-15.1149629,11.58814803,10.9323181,215,308,46.1194,7.1194
Serie_A,2019,18,Lecce,38,9,8,21,52,85,35,53.466748,1.466748,41.87101,91.973066,6.973066,82.076327,-40.205317,16.84094455,10.6785734,217,362,34.9167,-0.0833
Serie_A,2019,19,Brescia,38,6,7,25,35,79,25,43.248823,8.248823,40.2036627,78.3819,-0.6181,70.007692,-29.8040293,14.78971987,7.180933173,190,375,33.1357,8.1357
Serie_A,2019,20,SPAL 2013,38,5,5,28,27,77,20,39.0723789,12.0723789,33.7432819,71.970109,-5.029891,65.879723,-32.1364411,12.62578159,10.47613511,180,300,30.4908,10.4908
Serie_A,2020,1,Inter,38,28,7,3,89,35,91,78.345854,-10.654146,71.410903,40.5927965,5.5927965,34.9755655,36.4353375,14.9721786,19.25945338,359,188,77.3246,-13.6754
Serie_A,2020,2,AC Milan,38,24,7,7,74,41,79,75.047326,1.047326,59.545057,48.838073,7.838073,45.02064,14.524417,10.80488963,12.48730159,310,236,68.7492,-10.2508
Serie_A,2020,3,Juventus,38,23,9,6,77,38,78,83.527209,6.527209,75.770791,38.3306424,0.3306424,31.4789634,44.2918276,10.41765617,16.37922669,303,201,79.4743,1.4743
Serie_A,2020,4,Atalanta,38,23,9,6,90,47,78,82.006999,-7.993001,76.677939,39.9381104,-7.0618896,33.7348224,42.9431166,9.636429033,13.90965698,454,162,77.5714,-0.4286
Serie_A,2020,5,Napoli,38,24,5,9,86,41,77,74.979411,-11.020589,68.756419,41.880852,0.880852,38.074362,30.682057,13.29669431,15.6152502,294,172,73.833,-3.167
Serie_A,2020,6,Lazio,38,21,5,12,61,55,68,58.698203,-2.301797,50.959072,48.842818,-6.157182,41.229984,9.729088,11.07356363,14.74599602,308,185,57.3836,-10.6164
Serie_A,2020,7,Roma,38,18,9,11,68,55,63,72.108761,4.108761,66.018436,50.3298882,-4.6701118,45.6138142,20.4046218,11.70518231,15.29948845,311,219,65.2041,2.2041
Serie_A,2020,8,Sassuolo,38,17,11,10,64,56,62,61.6098414,-2.3901586,50.9518634,54.8243569,-1.1756431,51.0178609,-0.0659975,9.404299303,17.23574541,328,274,57.3118,-4.6882
Serie_A,2020,9,Sampdoria,38,15,7,16,52,54,52,46.701056,-5.298944,42.133463,58.625572,4.625572,51.690658,-9.557195,13.11730775,10.44217547,216,274,44.0716,-7.9284
Serie_A,2020,10,Verona,38,10,13,15,43,48,43,47.968165,4.968165,45.684311,52.451811,4.451811,47.12279,-1.438479,9.002272779,10.15904178,226,252,49.6215,6.6215
Serie_A,2020,11,Genoa,38,10,12,16,47,58,42,40.7121098,-6.2878902,37.6669118,62.682235,4.682235,57.353307,-19.6863952,14.8644989,10.94037916,146,316,38.5967,-3.4033
Serie_A,2020,12,Bologna,38,10,11,17,51,65,41,57.533429,6.533429,54.389114,67.59129,2.59129,60.607818,-6.218704,9.965644235,10.99536473,224,297,49.3561,8.3561
Serie_A,2020,13,Udinese,38,10,10,18,42,58,40,48.2359499,6.2359499,45.1907549,56.3776574,-1.6223426,45.7195754,-0.5288205,16.4384587,9.675981874,221,258,48.9141,8.9141
Serie_A,2020,14,Fiorentina,38,9,13,16,47,59,40,46.200453,-0.799547,41.632697,62.023305,3.023305,53.516531,-11.883834,13.45339627,9.55510948,186,228,42.9851,2.9851
Serie_A,2020,15,Spezia,38,9,12,17,52,72,39,47.8987457,-4.1012543,44.0922477,70.585471,-1.414529,62.873359,-18.7811113,11.88014828,11.4419058,202,260,39.5221,0.5221
Serie_A,2020,16,Torino,38,7,16,15,50,69,37,49.600598,-0.399402,44.919856,64.220508,-4.779492,56.590734,-11.670878,11.7096366,9.543563368,165,261,44.6822,7.6822
Serie_A,2020,17,Cagliari,38,9,10,19,43,59,37,45.6010394,2.6010394,41.7945434,65.263162,6.263162,61.456673,-19.6621296,14.25793116,10.00368116,214,329,41.1258,4.1258
Serie_A,2020,18,Benevento,38,7,12,19,40,75,33,38.653001,-1.346999,33.175643,70.476685,-4.523315,66.572079,-33.396436,15.32495186,8.61267366,205,302,32.7468,-0.2532
Serie_A,2020,19,Crotone,38,6,5,27,45,92,23,39.640286,-5.359714,32.78869,77.482685,-14.517315,73.676181,-40.887491,13.59384709,9.504611278,164,301,29.8733,6.8733
Serie_A,2020,20,Parma Calcio 1913,38,3,11,24,39,83,20,42.9796266,3.9796266,39.1732506,66.690145,-16.309855,64.406245,-25.2329944,12.99195561,12.10433573,171,292,37.4944,17.4944
Serie_A,2021,1,AC Milan,38,26,8,4,69,31,86,67.338108,-1.661892,61.159034,34.63134,3.63134,30.824845,30.334189,9.251116944,12.36321349,301,184,72.8156,-13.1844
Serie_A,2021,2,Inter,38,25,9,4,84,32,84,90.384111,6.384111,81.793343,39.877887,7.877887,36.832682,44.960661,11.1070278,18.37133131,408,186,80.7,-3.3
Serie_A,2021,3,Napoli,38,24,7,7,74,31,79,63.642916,-10.357084,52.911833,34.4049619,3.4049619,33.6436619,19.2681711,10.78630249,18.19441297,351,210,72.0256,-6.9744
Serie_A,2021,4,Juventus,38,20,10,8,57,37,70,60.8302468,3.8302468,56.2624568,40.439116,3.439116,34.963921,21.2985358,12.08408951,12.93959143,262,203,66.212,-3.788
Serie_A,2021,5,Lazio,38,18,10,10,77,58,64,59.29086,-17.70914,52.4391761,50.100997,-7.899003,45.444532,6.9946441,12.19887683,17.42840255,316,217,60.96,-3.04
Serie_A,2021,6,Roma,38,18,9,11,59,43,63,66.79509,7.79509,59.797298,42.048979,-0.951021,37.481185,22.316113,11.98833179,12.92041881,292,176,68.1802,5.1802
Serie_A,2021,7,Fiorentina,38,19,5,14,59,51,62,62.040947,3.040947,52.834581,45.2314932,-5.7685068,41.3520442,11.4825368,10.50042094,14.57834594,277,152,61.5629,-0.4371
Serie_A,2021,8,Atalanta,38,16,11,11,65,48,59,68.722469,3.722469,64.154709,46.5989073,-1.4010927,42.0311223,22.1235867,8.603633212,13.87448436,391,182,64.4414,5.4414
Serie_A,2021,9,Verona,38,14,11,13,65,59,53,56.385493,-8.614507,50.295107,52.039378,-6.960622,48.8695404,1.4255666,8.958121213,9.052058009,298,204,53.322,0.322
Serie_A,2021,10,Sassuolo,38,13,11,14,64,66,50,59.360343,-4.639657,54.031331,69.961164,3.961164,63.109482,-9.078151,12.01673735,11.61257989,268,340,46.9511,-3.0489
Serie_A,2021,11,Torino,38,13,11,14,46,41,50,53.753508,7.753508,49.185719,41.112452,0.112452,32.7381611,16.4475579,8.436062085,11.71501622,190,178,58.7259,8.7259
Serie_A,2021,12,Udinese,38,11,14,13,61,58,47,57.1706286,-3.8293714,54.1254286,54.012163,-3.987837,48.588478,5.5369506,13.94706258,8.769895936,258,256,52.7464,5.7464
Serie_A,2021,13,Bologna,38,12,10,16,44,55,46,45.552172,1.552172,41.745673,58.048438,3.048438,51.063926,-9.318253,13.9971657,10.62658225,219,257,43.8789,-2.1211
Serie_A,2021,14,Empoli,38,10,11,17,50,70,41,45.516915,-4.483085,40.187818,74.822021,4.822021,67.209122,-27.021304,10.74035207,10.07541147,235,373,36.6947,-4.3053
Serie_A,2021,15,Sampdoria,38,10,6,22,46,63,36,39.090124,-6.909876,35.9202674,62.110146,-0.889854,59.064954,-23.1446866,12.26691238,10.4396159,218,290,37.3943,1.3943
Serie_A,2021,16,Spezia,38,10,6,22,41,71,36,41.6489649,0.6489649,37.8286269,69.548185,-1.451815,59.651295,-21.8226681,15.28326502,8.915283828,161,347,37.9594,1.9594
Serie_A,2021,17,Salernitana,38,7,10,21,33,78,31,39.4897489,6.4897489,35.6832509,71.417559,-6.582441,65.327199,-29.6439481,15.52777621,7.426516818,175,351,34.4518,3.4518
Serie_A,2021,18,Cagliari,38,6,12,20,34,68,30,40.741687,6.741687,37.696503,68.555755,0.555755,60.736273,-23.03977,12.73678433,9.614378199,179,314,38.6176,8.6176
Serie_A,2021,19,Genoa,38,4,16,18,27,60,28,38.5335928,11.5335928,33.2045418,60.1243856,0.1243856,56.3178956,-23.1133538,11.32436006,8.081716272,178,320,38.9279,10.9279
Serie_A,2021,20,Venezia,38,6,9,23,34,69,27,36.158247,2.158247,32.218885,77.360844,8.360844,68.225263,-36.006378,14.40303554,9.158178389,148,385,28.2927,1.2927
Serie_A,2022,1,Napoli,8,6,2,0,18,6,20,16.08002,-1.91998,15.318724,6.616447,0.616447,5.855149,9.463575,12.94238894,13.28733796,78,44,17.1981,-2.8019
Serie_A,2022,2,Atalanta,7,5,2,0,11,3,17,9.269534,-1.730466,7.746934,7.76642,4.76642,7.76642,-0.019486,10.68411615,11.95613585,41,45,11.3761,-5.6239
Serie_A,2022,3,Udinese,7,5,1,1,15,7,16,9.799613,-5.200387,9.799613,7.818402,0.818402,7.057102,2.742511,12.11470958,10.75206664,62,45,11.5436,-4.4564
Serie_A,2022,4,Roma,8,5,1,2,10,8,16,18.549336,8.549336,17.788036,5.548997,-2.451003,5.548997,12.239039,17.20194782,9.746403599,63,29,18.2727,2.2727
Serie_A,2022,5,Lazio,7,4,2,1,13,5,14,9.793365,-3.206635,9.032065,8.378561,3.378561,7.617266,1.414799,16.77595751,12.80389689,57,46,10.0354,-3.9646
Serie_A,2022,6,AC Milan,7,4,2,1,13,8,14,13.525186,0.525186,12.002584,6.726008,-1.273992,5.203413,6.799171,10.71837508,14.08408454,62,38,14.0928,0.0928
Serie_A,2022,7,Inter,8,4,0,4,14,13,12,14.948856,0.948856,14.948856,7.865966,-5.134034,7.865966,7.08289,11.73726445,18.42161045,85,35,15.8219,3.8219
Serie_A,2022,8,Juventus,7,2,4,1,9,5,10,9.567711,0.567711,7.929256,9.400008,4.400008,7.877408,0.051848,13.23428053,14.52919429,27,35,9.3549,-0.6451
Serie_A,2022,9,Torino,8,3,1,4,7,10,10,10.279128,3.279128,10.279128,9.081538,-0.918462,7.558938,2.72019,10.52715278,14.99102098,52,39,11.9782,1.9782
Serie_A,2022,10,Sassuolo,7,2,3,2,5,8,9,8.122418,3.122418,7.361119,8.337479,0.337479,6.814884,0.546235,15.77789808,11.53696249,41,56,9.5611,0.5611
Serie_A,2022,11,Fiorentina,7,2,3,2,7,6,9,9.476528,2.476528,7.953928,8.024629,2.024629,8.024629,-0.070701,7.373208722,13.82371686,48,37,10.2133,1.2133
Serie_A,2022,12,Spezia,7,2,2,3,7,11,8,5.450016,-1.549984,4.688721,12.201381,1.201381,12.201381,-7.51266,15.18423107,11.39648587,30,61,5.174,-2.826
Serie_A,2022,13,Salernitana,7,1,4,2,10,8,7,9.932084,-0.067916,9.170784,12.174229,4.174229,10.535774,-1.36499,10.7818269,12.83560807,42,46,8.639,1.639
Serie_A,2022,14,Empoli,7,1,4,2,6,7,7,6.702882,0.702882,6.702882,10.487921,3.487921,9.726621,-3.023739,10.982213,8.233786776,28,40,7.2514,0.2514
Serie_A,2022,15,Bologna,7,1,3,3,7,10,6,9.255259,2.255259,7.732664,11.116922,1.116922,11.116922,-3.384258,11.47261714,9.089272284,25,43,8.9701,2.9701
Serie_A,2022,16,Lecce,7,1,3,3,6,8,6,6.521117,0.521117,5.759819,7.9006608,-0.0993392,7.9006608,-2.1408418,13.75339568,8.933067766,21,56,8.7423,2.7423
Serie_A,2022,17,Verona,7,1,2,4,6,13,5,7.913768,1.913768,7.913768,11.029706,-1.970294,10.268406,-2.354638,7.502238841,9.779003317,37,56,7.5996,2.5996
Serie_A,2022,18,Monza,7,1,1,5,4,14,4,6.2530438,2.2530438,6.2530438,15.95721,1.95721,15.95721,-9.7041662,10.19460795,12.22090666,32,63,4.0537,0.0537
Serie_A,2022,19,Sampdoria,7,0,2,5,4,13,2,6.710654,2.710654,6.710654,11.504926,-1.495074,10.743624,-4.03297,12.64354638,10.15503504,61,47,6.062,4.062
Serie_A,2022,20,Cremonese,7,0,2,5,5,14,2,6.188455,1.188455,6.188455,16.401563,2.401563,15.640263,-9.451808,9.861295968,12.31087349,40,71,3.8127,1.8127
Ligue_1,2018,1,Paris Saint Germain,38,29,4,5,105,35,91,95.34406,-9.65594,86.223077,36.7824048,1.7824048,32.0777118,54.1453652,7.785468251,18.947672,459,132,86.0429,-4.9571
Ligue_1,2018,2,Lille,38,22,9,7,68,33,75,60.006656,-7.993344,50.026531,39.84753,6.84753,32.246634,17.779897,11.97552978,11.29012705,196,162,67.0171,-7.9829
Ligue_1,2018,3,Lyon,38,21,9,8,70,47,72,72.714092,2.714092,65.113324,44.7058112,-2.2941888,40.9053422,24.2079818,8.604870654,14.67887144,264,152,69.4867,-2.5133
Ligue_1,2018,4,Saint-Etienne,38,19,9,10,59,41,66,57.849065,-1.150935,54.048587,48.8085806,7.8085806,41.9678046,12.0807824,10.32069957,12.21000666,197,185,58.3746,-7.6254
Ligue_1,2018,5,Marseille,38,18,7,13,60,52,61,52.080527,-7.919473,48.280193,44.589918,-7.410082,35.420766,12.859427,8.868161891,14.00941828,181,140,55.9275,-5.0725
Ligue_1,2018,6,Montpellier,38,15,14,9,53,42,59,46.620677,-6.379323,44.340525,41.256422,-0.743578,37.334447,7.006078,12.06184837,11.29701083,192,178,56.0964,-2.9036
Ligue_1,2018,7,Nice,38,15,11,12,30,35,56,43.449513,13.449513,36.514283,49.732516,14.732516,45.172001,-8.657718,11.59940348,13.54891006,135,216,48.1584,-7.8416
Ligue_1,2018,8,Reims,38,13,16,9,39,42,55,37.119521,-1.880479,35.59933,42.282754,0.282754,36.9621624,-1.3628324,13.31111179,9.10899873,165,176,48.2199,-6.7801
Ligue_1,2018,9,Nimes,38,15,8,15,57,58,53,48.504984,-8.495016,43.944745,55.471937,-2.528063,51.67159,-7.726845,11.31554709,8.810480376,151,189,49.8976,-3.1024
Ligue_1,2018,10,Rennes,38,13,13,12,55,52,52,56.05117,1.05117,48.304637,46.19415,-5.80585,42.310184,5.994453,10.89866889,11.89795202,187,207,59.9323,7.9323
Ligue_1,2018,11,Strasbourg,38,11,16,11,58,48,49,40.58874,-17.41126,35.219886,48.5063415,0.5063415,41.5713025,-6.3514165,12.7041716,13.22701823,156,182,46.4807,-2.5193
Ligue_1,2018,12,Nantes,38,13,9,16,48,48,48,48.038438,0.038438,41.957929,47.296807,-0.703193,41.070258,0.887671,10.27438982,10.19276453,166,182,54.6208,6.6208
Ligue_1,2018,13,Angers,38,10,16,12,44,49,46,47.496038,3.496038,39.750887,46.305282,-2.694718,42.405612,-2.654725,16.9615369,10.15500673,189,204,53.2052,7.2052
Ligue_1,2018,14,Bordeaux,38,10,11,17,34,42,41,37.2663785,3.2663785,32.6811275,52.186512,10.186512,46.865912,-14.1847845,11.04798116,10.62557114,159,188,41.3669,0.3669
Ligue_1,2018,15,Toulouse,38,8,14,16,35,57,38,42.727796,7.727796,34.366949,56.420711,-0.579289,51.860405,-17.493456,12.26268231,9.97616516,174,209,43.9835,5.9835
Ligue_1,2018,16,Amiens,38,9,11,18,31,52,38,34.630686,3.630686,32.35041,46.755321,-5.244679,39.91454,-7.56413,11.0707336,9.500525852,146,213,42.3446,4.3446
Ligue_1,2018,17,Monaco,38,8,12,18,38,57,36,46.4948182,8.4948182,42.6944672,48.762863,-8.237137,42.657608,0.0368592,11.13190054,11.2557528,184,169,51.2668,15.2668
Ligue_1,2018,18,Dijon,38,9,7,22,31,60,34,36.130932,5.130932,32.9690394,57.612862,-2.387138,55.332705,-22.3636656,11.05603292,10.94207669,199,214,37.4682,3.4682
Ligue_1,2018,19,Caen,38,7,12,19,29,54,33,26.9720973,-2.0279027,23.9318553,61.086346,7.086346,55.005842,-31.0739867,12.71881471,9.058018483,98,224,30.2391,-2.7609
Ligue_1,2018,20,Guingamp,38,5,12,21,28,68,27,39.4550368,11.4550368,34.8108968,54.9361567,-13.0638433,50.3758517,-15.5649549,13.76661106,9.003817334,151,227,44.1193,17.1193
Ligue_1,2019,1,Paris Saint Germain,27,22,2,3,75,24,68,76.419055,1.419055,70.338355,22.434996,-1.565004,22.434996,47.903359,7.460972445,21.27046453,324,100,65.6794,-2.3206
Ligue_1,2019,2,Marseille,28,16,8,4,41,29,56,36.423225,-4.576775,31.862657,32.046407,3.046407,28.246008,3.616649,8.939989656,12.21235994,145,86,41.7319,-14.2681
Ligue_1,2019,3,Rennes,28,15,5,8,38,24,50,34.368041,-3.631959,30.43244,28.150286,4.150286,24.349814,6.082626,11.06257198,10.64297152,121,132,41.1761,-8.8239
Ligue_1,2019,4,Lille,28,15,4,9,35,27,49,40.805435,5.805435,34.613844,30.169216,3.169216,25.608831,9.005013,9.995763845,13.90787838,141,124,47.1188,-1.8812
Ligue_1,2019,5,Nice,28,11,8,9,41,38,41,36.454345,-4.545655,32.653862,42.692198,4.692198,37.371727,-4.717865,11.96661497,13.11638395,110,170,35.6196,-5.3804
Ligue_1,2019,6,Reims,28,10,11,7,26,21,41,28.926853,2.926853,25.126576,26.467583,5.467583,21.670482,3.456094,12.4660221,11.19832078,131,109,40.4213,-0.5787
Ligue_1,2019,7,Montpellier,28,11,7,10,35,34,40,34.949277,-0.050723,31.148803,32.258608,-1.741392,28.458135,2.690668,11.31273042,10.76349292,119,141,40.055,0.055
Ligue_1,2019,8,Monaco,28,11,7,10,44,44,40,48.55023,4.55023,45.50991,41.05654,-2.94346,36.495971,9.013939,11.61250704,13.09167547,211,119,42.4661,2.4661
Ligue_1,2019,9,Lyon,28,11,7,10,42,27,40,36.243716,-5.756284,31.683148,24.727822,-2.272178,22.447528,9.23562,10.38783446,15.59587455,152,121,46.3375,6.3375
Ligue_1,2019,10,Angers,28,11,6,11,28,33,39,27.104216,-0.895784,26.344121,28.148132,-4.851868,25.867853,0.476268,17.42128617,11.31059799,132,117,37.4895,-1.5105
Ligue_1,2019,11,Strasbourg,27,11,5,11,32,32,38,34.556127,2.556127,31.515744,33.4614257,1.4614257,28.1408307,3.3749133,12.99038118,11.76690597,133,100,37.7368,-0.2632
Ligue_1,2019,12,Nantes,28,11,4,13,28,31,37,27.814269,-0.185731,26.294075,30.262707,-0.737293,25.567016,0.727059,12.73445523,10.5108803,110,122,35.9084,-1.0916
Ligue_1,2019,13,Bordeaux,28,9,10,9,40,34,37,30.468774,-9.531226,28.948582,35.199266,1.199266,32.918982,-3.9704,10.15249917,13.91449817,91,156,37.0578,0.0578
Ligue_1,2019,14,Metz,28,8,10,10,27,35,34,24.651134,-2.348866,21.610759,36.537683,1.537683,33.497306,-11.886547,15.8020205,9.510432464,92,145,29.0386,-4.9614
Ligue_1,2019,15,Brest,28,8,10,10,34,37,34,30.04769,-3.95231,26.247482,44.106064,7.106064,39.545559,-13.298077,12.42858056,12.97255553,149,154,30.6442,-3.3558
Ligue_1,2019,16,Dijon,28,7,9,12,27,37,30,27.37805,0.37805,26.61796,39.300382,2.300382,38.540489,-11.922529,14.3082933,9.703021463,111,176,31.187,1.187
Ligue_1,2019,17,Saint-Etienne,28,8,6,14,29,45,30,29.651493,0.651493,25.851027,37.725643,-7.274357,33.165148,-7.314121,10.71841654,10.49621323,93,133,32.6755,2.6755
Ligue_1,2019,18,Nimes,28,7,6,15,29,44,27,30.193755,1.193755,28.673556,40.4734,-3.5266,37.43302,-8.759464,12.45719691,9.054790959,109,159,32.6876,5.6876
Ligue_1,2019,19,Amiens,28,4,11,13,31,50,23,25.6198687,-5.3801313,21.6939807,38.426209,-11.573791,37.666119,-15.9721383,12.44950696,9.91728468,101,148,32.8361,9.8361
Ligue_1,2019,20,Toulouse,28,3,4,21,22,58,13,31.294048,9.294048,26.733495,48.275034,-9.724966,44.474562,-17.741067,14.03299374,10.19353499,115,178,28.0073,15.0073
Ligue_1,2020,1,Lille,38,24,11,3,64,23,83,48.074255,-15.925745,44.27379,25.6808014,2.6808014,24.1606764,20.1131136,11.74764931,15.89294484,224,131,67.6083,-15.3917
Ligue_1,2020,2,Paris Saint Germain,38,26,4,8,86,28,82,83.886384,-2.113616,74.005433,36.850936,8.850936,35.330754,38.674679,7.840064969,20.48989017,355,155,78.2702,-3.7298
Ligue_1,2020,3,Monaco,38,24,6,8,76,42,78,70.354408,-5.645592,58.804008,33.953624,-8.046376,30.153137,28.650871,9.183058263,16.52891442,322,117,75.8083,-2.1917
Ligue_1,2020,4,Lyon,38,22,10,6,81,43,76,82.373475,1.373475,74.012505,38.419072,-4.580928,33.098399,40.914106,10.4335822,15.46192913,372,150,78.8071,2.8071
Ligue_1,2020,5,Marseille,38,16,12,10,54,47,60,49.2896153,-4.7103847,43.9690733,46.49032,-0.50968,44.210029,-0.2409557,10.30537324,14.12875934,200,179,55.2376,-4.7624
Ligue_1,2020,6,Rennes,38,16,10,12,52,40,58,46.752822,-5.247178,44.472609,36.058478,-3.941522,33.018297,11.454312,10.23925817,17.54536333,249,152,58.7799,0.7799
Ligue_1,2020,7,Lens,38,15,12,11,55,54,57,56.364907,1.364907,47.244003,46.4146793,-7.5853207,38.0537133,9.1902897,11.45846841,12.47325986,196,176,60.0385,3.0385
Ligue_1,2020,8,Montpellier,38,14,12,12,60,62,54,52.266877,-7.733123,48.466462,67.221834,5.221834,58.100704,-9.634242,16.10969787,11.64107477,144,296,44.7356,-9.2644
Ligue_1,2020,9,Nice,38,15,7,16,50,53,52,46.368075,-3.631925,41.047751,56.183147,3.183147,50.862611,-9.81486,11.92904542,14.80264566,215,206,46.9555,-5.0445
Ligue_1,2020,10,Metz,38,12,11,15,44,48,47,42.2635882,-1.7364118,33.9026612,48.399281,0.399281,38.518261,-4.6155998,14.29770437,9.87947205,116,219,47.9593,0.9593
Ligue_1,2020,11,Saint-Etienne,38,12,10,16,42,54,46,47.2801783,5.2801783,40.3528483,49.146676,-4.853324,42.305881,-1.9530327,11.87144648,9.598156692,141,188,52.349,6.349
Ligue_1,2020,12,Bordeaux,38,13,6,19,42,56,45,43.549921,1.549921,40.509548,54.872767,-1.127233,48.792062,-8.282514,13.58616582,13.60297359,157,227,45.1069,0.1069
Ligue_1,2020,13,Angers,38,12,8,18,40,58,44,39.917416,-0.082584,35.357109,52.813853,-5.186147,46.733073,-11.375964,15.75939931,11.22420289,146,190,42.641,-1.359
Ligue_1,2020,14,Reims,38,9,15,14,42,50,42,33.230351,-8.769649,29.429886,61.791073,11.791073,55.710438,-26.280552,16.12472919,12.31799529,139,238,33.9412,-8.0588
Ligue_1,2020,15,Lorient,38,11,9,18,50,68,42,48.154505,-1.845495,40.55368,52.4789232,-15.5210768,44.1181322,-3.5644522,13.60928008,10.73589665,141,233,50.2792,8.2792
Ligue_1,2020,16,Strasbourg,38,11,9,18,49,58,42,52.77889,3.77889,43.409302,50.2184724,-7.7815276,44.1378514,-0.7285494,14.73159403,11.0151179,200,190,52.8453,10.8453
Ligue_1,2020,17,Brest,38,11,8,19,50,66,41,45.7708385,-4.2291615,42.7304535,58.015369,-7.984631,49.654339,-6.9238855,15.32866872,12.68044448,229,247,43.9512,2.9512
Ligue_1,2020,18,Nantes,38,9,13,16,47,55,40,48.27188,1.27188,41.431155,54.891301,-0.108699,45.770572,-4.339417,13.86801135,9.203198038,160,215,48.7523,8.7523
Ligue_1,2020,19,Nimes,38,9,8,21,40,71,35,41.393222,1.393222,35.312462,64.170803,-6.829197,56.235078,-20.922616,15.46117506,9.029998298,168,230,39.6982,4.6982
Ligue_1,2020,20,Dijon,38,4,9,25,25,73,21,31.851743,6.851743,28.051279,76.121941,3.121941,68.37201,-40.320731,14.88272694,10.5148618,140,275,24.876,3.876
Ligue_1,2021,1,Paris Saint Germain,38,26,8,4,90,36,86,82.335619,-7.664381,76.254841,38.000799,2.000799,35.720509,40.534332,10.14519939,21.42999939,383,151,80.3875,-5.6125
Ligue_1,2021,2,Marseille,38,21,8,9,63,38,71,59.869032,-3.130968,52.268095,42.793428,4.793428,39.753043,12.515052,11.48636763,21.09087584,258,154,63.1695,-7.8305
Ligue_1,2021,3,Monaco,38,20,9,9,65,40,69,63.579939,-1.420061,56.739064,42.514577,2.514577,35.6737335,21.0653305,9.607431174,14.29162216,324,157,66.0145,-2.9855
Ligue_1,2021,4,Nice,38,20,7,11,52,36,67,59.5988032,7.5988032,51.9979232,44.948045,8.948045,41.147557,10.8503662,13.48839677,14.76919511,189,185,61.8068,-5.1932
Ligue_1,2021,5,Rennes,38,20,6,12,82,40,66,68.241212,-13.758788,65.200822,43.766387,3.766387,39.205812,25.99501,10.3869205,17.83369455,294,157,64.6719,-1.3281
Ligue_1,2021,6,Strasbourg,38,17,12,9,60,43,63,61.201472,1.201472,55.120717,44.678094,1.678094,41.637713,13.483004,12.41080754,13.77223289,252,150,63.4948,0.4948
Ligue_1,2021,7,Lens,38,17,11,10,62,48,62,52.236102,-9.763898,48.435612,43.695332,-4.304668,39.894859,8.540753,13.68595649,14.99014168,219,194,57.4965,-4.5035
Ligue_1,2021,8,Lyon,38,17,11,10,66,51,62,73.319552,7.319552,67.238935,54.6867642,3.6867642,48.4693482,18.7695868,9.470515968,15.51745523,310,195,64.9405,2.9405
Ligue_1,2021,9,Lille,38,14,13,11,48,48,55,56.385907,8.385907,52.585435,36.96984,-11.03016,32.409284,20.176151,12.27007021,12.13593566,218,180,66.8238,11.8238
Ligue_1,2021,10,Nantes,38,15,10,13,55,48,55,45.768856,-9.231144,41.968386,53.532245,5.532245,48.211578,-6.243192,14.28719995,11.45420191,155,240,45.4888,-9.5112
Ligue_1,2021,11,Brest,38,13,9,16,49,57,48,44.84993,-4.15007,38.748986,60.571353,3.571353,57.530963,-18.781977,17.84493911,11.48575748,168,265,44.1762,-3.8238
Ligue_1,2021,12,Reims,38,11,13,14,43,44,46,40.006345,-2.993655,35.299546,47.793921,3.793921,42.453085,-7.153539,15.06137893,9.32675449,152,214,46.1023,0.1023
Ligue_1,2021,13,Montpellier,38,12,7,19,49,61,43,42.46717,-6.53283,39.426777,57.504137,-3.495863,52.943567,-13.51679,13.90553615,10.55466017,167,262,43.2102,0.2102
Ligue_1,2021,14,Angers,38,10,11,17,44,55,41,45.208287,1.208287,38.367622,51.693048,-3.306952,47.89257,-9.524948,14.00133793,11.82010273,134,185,48.9768,7.9768
Ligue_1,2021,15,Troyes,38,9,11,18,37,53,38,39.659017,2.659017,34.338344,52.993855,-0.006145,45.39323,-11.054886,17.29689441,10.02781378,141,268,44.0927,6.0927
Ligue_1,2021,16,Clermont Foot,38,9,9,20,38,69,36,42.073548,4.073548,39.656554,55.849805,-13.150195,52.049345,-12.392791,14.82326757,11.74884378,159,212,43.3755,7.3755
Ligue_1,2021,17,Lorient,38,8,12,18,35,63,36,39.317905,4.317905,37.0376195,54.502119,-8.497881,49.941543,-12.9039235,15.65074449,10.53897914,163,221,40.7338,4.7338
Ligue_1,2021,18,Saint-Etienne,38,7,11,20,42,77,32,40.182611,-1.817389,36.38213,64.76236,-12.23764,58.681601,-22.299471,12.00918329,10.95829645,146,196,39.6884,7.6884
Ligue_1,2021,19,Metz,38,6,13,19,35,69,31,30.146002,-4.853998,29.385912,71.649718,2.649718,67.849225,-38.463313,15.37137384,10.13558367,84,265,26.7061,-4.2939
Ligue_1,2021,20,Bordeaux,38,6,13,19,52,91,31,46.281171,-5.718829,43.240801,69.822653,-21.177347,62.835556,-19.594755,12.44733837,11.76871361,173,238,38.2084,7.2084
Ligue_1,2022,1,Marseille,9,7,2,0,19,5,23,16.95812,-2.04188,16.19802,9.185303,4.185303,8.425273,7.772747,7.972382944,11.6244761,75,39,17.8244,-5.1756
Ligue_1,2022,2,Paris Saint Germain,8,7,1,0,26,4,22,25.51715,-0.48285,23.23687,5.948474,1.948474,5.188375,18.048495,12.69762104,16.48166716,139,36,20.9585,-1.0415
Ligue_1,2022,3,Lorient,8,6,1,1,17,12,19,15.375719,-1.624281,13.095439,13.007053,1.007053,13.007053,0.088386,20.91283257,8.954588832,50,75,12.1827,-6.8173
Ligue_1,2022,4,Lens,8,5,3,0,16,7,18,15.621297,-0.378703,14.101097,9.576175,2.576175,8.816085,5.285012,9.584823727,17.74800747,76,43,15.1114,-2.8886
Ligue_1,2022,5,Rennes,9,4,3,2,17,9,15,16.184944,-0.815056,16.184944,9.181016,0.181016,6.900738,9.284206,8.734988992,17.98800456,90,40,16.3606,1.3606
Ligue_1,2022,6,Monaco,8,4,2,2,13,12,14,13.966904,0.966904,13.206814,14.986524,2.986524,12.706244,0.50057,12.04424295,10.28109127,61,65,10.7345,-3.2655
Ligue_1,2022,7,Lille,8,4,1,3,16,16,13,11.304331,-4.695669,10.544241,12.877123,-3.122877,11.3569366,-0.8126956,9.519539966,16.06644902,67,37,10.7878,-2.2122
Ligue_1,2022,8,Lyon,8,4,1,3,16,10,13,16.993959,0.993959,16.233859,8.735296,-1.264704,7.215102,9.018757,8.127789306,17.55022092,82,39,16.1873,3.1873
Ligue_1,2022,9,Montpellier,8,4,0,4,19,15,12,10.299861,-8.700139,9.539831,12.343716,-2.656284,8.543232,0.996599,14.60174284,9.443411681,34,53,10.1755,-1.8245
Ligue_1,2022,10,Clermont Foot,8,3,1,4,9,13,10,6.797436,-2.202564,6.037339,19.80425,6.80425,16.76387,-10.726531,13.46166341,11.34951368,43,65,4.1324,-5.8676
Ligue_1,2022,11,Troyes,8,3,1,4,14,16,10,11.243356,-2.756644,8.963071,15.2142,-0.7858,15.2142,-6.251129,20.4634656,7.660168113,25,81,8.8746,-1.1254
Ligue_1,2022,12,Toulouse,8,2,2,4,9,13,8,11.967135,2.967135,11.967135,13.465976,0.465976,11.945786,0.021349,8.381472284,13.62249774,62,54,11.1366,3.1366
Ligue_1,2022,13,Nice,8,2,2,4,5,9,8,9.329413,4.329413,7.0491276,10.162815,1.162815,10.162815,-3.1136874,12.88137477,13.26797078,42,59,10.5904,2.5904
Ligue_1,2022,14,Angers,9,2,2,5,9,21,8,14.029295,5.029295,12.509101,14.640076,-6.359924,13.879986,-1.370885,10.97318003,11.69604877,50,43,11.8968,3.8968
Ligue_1,2022,15,Nantes,8,1,4,3,8,11,7,9.749603,1.749603,8.989573,12.728049,1.728049,12.728049,-3.738476,12.46601201,10.64258083,28,88,9.6612,2.6612
Ligue_1,2022,16,Auxerre,8,2,1,5,8,19,7,7.476867,-0.523133,6.716773,17.320742,-1.679258,17.320742,-10.603969,15.66690854,12.83200076,36,77,5.7499,-1.2501
Ligue_1,2022,17,Reims,8,1,3,4,10,17,6,11.129159,1.129159,8.848879,14.99835,-2.00165,13.478159,-4.62928,12.93423873,6.392466561,36,68,8.8365,2.8365
Ligue_1,2022,18,Strasbourg,9,0,5,4,7,12,5,13.351042,6.351042,11.83086,13.128788,1.128788,11.608659,0.222201,12.60081198,11.25206262,65,50,12.2575,7.2575
Ligue_1,2022,19,Brest,8,1,2,5,8,18,5,8.132184,0.132184,6.611995,14.506199,-3.493801,12.986009,-6.374014,13.03729327,12.82443588,27,54,7.2007,2.2007
Ligue_1,2022,20,Ajaccio,8,1,1,6,4,11,4,6.155917,2.155917,4.635722,9.773567,-1.226433,8.253377,-3.617655,12.07379253,9.923611223,30,52,7.5965,3.5965
RFPL,2018,1,Zenit St. Petersburg,30,20,4,6,57,29,64,49.4600608,-7.5399392,47.1972388,27.269833,-1.730167,25.007016,22.1902228,10.50568063,12.78217202,249,143,56.4712,-7.5288
RFPL,2018,2,Lokomotiv Moscow,30,16,8,6,45,28,56,42.248143,-2.751857,36.96822,30.119537,2.119537,26.34816,10.62006,9.615045209,10.97067145,206,166,50.5806,-5.4194
RFPL,2018,3,FC Krasnodar,30,16,8,6,55,23,56,51.335283,-3.664717,46.809623,29.1326028,6.1326028,27.6240458,19.1855772,7.143633548,17.71130534,320,176,54.8627,-1.1373
RFPL,2018,4,CSKA Moscow,30,14,9,7,46,23,51,44.575592,-1.424408,41.440223,25.91232,2.91232,24.403775,17.036448,9.983867258,13.4598568,331,172,53.6229,2.6229
RFPL,2018,5,Spartak Moscow,30,14,7,9,36,31,49,38.898095,2.898095,33.618185,34.1058277,3.1058277,30.1697287,3.4484563,9.026662786,12.30338,208,154,44.048,-4.952
RFPL,2018,6,Arsenal Tula,30,12,10,8,40,33,46,32.492493,-7.507507,29.310677,36.338112,3.338112,34.829562,-5.518885,12.45761291,8.695551766,122,164,37.8151,-8.1849
RFPL,2018,7,FC Orenburg,30,12,7,11,39,34,43,32.071894,-6.928106,29.05479,34.9395626,0.9395626,29.5276486,-0.4728586,12.85460953,11.27593553,151,190,38.6471,-4.3529
RFPL,2018,8,FK Akhmat,30,11,9,10,28,30,42,25.9164284,-2.0835716,24.4078804,28.472574,-1.527426,24.701187,-0.2933066,15.4251665,9.496302324,130,175,37.9321,-4.0679
RFPL,2018,9,FC Rostov,30,10,11,9,25,23,41,28.016305,3.016305,24.999201,24.6752642,1.6752642,22.2941722,2.7050288,12.08580583,12.62813382,149,153,43.7124,2.7124
RFPL,2018,10,Ural,30,10,8,12,33,45,38,31.747859,-1.252141,29.485032,44.6726875,-0.3273125,41.6555925,-12.1705605,11.67124374,10.89258015,109,202,32.0112,-5.9888
RFPL,2018,11,Rubin Kazan,30,7,15,8,24,30,36,27.517579,3.517579,25.254763,30.627439,0.627439,26.856063,-1.6013,11.68263137,12.74366232,171,163,38.9681,2.9681
RFPL,2018,12,Dinamo Moscow,30,6,15,9,28,28,33,34.34219,6.34219,32.079364,25.745535,-2.254465,22.72844,9.350924,10.10770918,10.4724811,215,146,46.724,13.724
RFPL,2018,13,Krylya Sovetov Samara,30,8,4,18,25,46,28,29.829576,4.829576,25.171958,43.135405,-2.864595,40.118327,-14.946369,12.47958842,12.37415539,140,205,31.8242,3.8242
RFPL,2018,14,FC Ufa,30,5,11,14,24,34,26,25.2981516,1.2981516,22.9051096,30.9263396,-3.0736604,28.6635176,-5.758408,13.13499242,13.09453132,141,167,35.2001,9.2001
RFPL,2018,15,Anzhi Makhachkala,30,5,6,19,13,50,21,17.692527,4.692527,13.166872,49.482044,-0.517956,44.202119,-31.035247,19.04415849,9.286311662,86,296,21.1804,0.1804
RFPL,2018,16,FC Yenisey Krasnoyarsk,30,4,8,18,24,55,20,29.6152866,5.6152866,25.0896346,45.50238,-9.49762,37.829417,-12.7397824,13.15567591,12.18705274,173,229,31.8548,11.8548
RFPL,2019,1,Zenit St. Petersburg,30,22,6,2,65,18,72,62.392129,-2.607871,54.095089,25.011284,7.011284,21.903593,32.191496,10.51709539,15.79773608,372,141,63.7522,-8.2478
RFPL,2019,2,Lokomotiv Moscow,30,16,9,5,41,29,57,47.752376,6.752376,39.455352,30.901806,1.901806,26.376164,13.079188,9.038869185,11.58567084,211,163,52.0032,-4.9968
RFPL,2019,3,FC Krasnodar,30,14,10,6,49,30,52,45.627062,-3.372938,39.222976,33.582133,3.582133,29.05649,10.166486,7.646296643,13.40090505,257,137,48.8261,-3.1739
RFPL,2019,4,CSKA Moscow,30,14,8,8,43,29,50,40.324664,-2.675336,34.922776,33.5888183,4.5888183,26.6716953,8.2510807,10.66694925,15.34157211,325,159,45.8074,-4.1926
RFPL,2019,5,FC Rostov,30,12,9,9,45,50,45,41.296507,-3.703493,36.016591,45.478675,-4.521325,36.305408,-0.288817,9.578326357,12.00139189,253,199,41.6821,-3.3179
RFPL,2019,6,Dinamo Moscow,30,11,8,11,27,30,41,39.896445,12.896445,33.107972,32.820803,2.820803,28.295162,4.81281,12.37642714,14.13855544,177,180,46.0324,5.0324
RFPL,2019,7,Spartak Moscow,30,11,6,13,35,33,39,42.532668,7.532668,38.76129,34.7501696,1.7501696,30.1833216,8.5779684,10.03700796,12.38362797,238,137,46.3068,7.3068
RFPL,2019,8,FC Ufa,30,8,14,8,22,24,38,26.0133027,4.0133027,22.2419237,35.741799,11.741799,33.478979,-11.2370553,15.75046347,9.715628974,162,233,32.8336,-5.1664
RFPL,2019,9,Arsenal Tula,30,11,5,14,37,41,38,32.010323,-4.989677,28.197759,40.466781,-0.533219,35.186846,-6.989087,14.34885309,9.93267941,146,207,35.3299,-2.6701
RFPL,2019,10,Rubin Kazan,30,8,11,11,18,28,35,30.082898,12.082898,28.574343,43.4546317,15.4546317,39.6832627,-11.1089197,12.3711662,11.68870023,175,189,32.8157,-2.1843
RFPL,2019,11,Ural,30,9,8,13,36,53,35,31.610564,-4.389436,28.593464,49.420263,-3.579737,45.648892,-17.055428,11.20094154,10.92347846,107,271,31.7779,-3.2221
RFPL,2019,12,PFC Sochi,30,8,9,13,40,39,33,36.4562216,-3.5437784,32.6848496,38.850259,-0.149741,32.780898,-0.0960484,12.8380785,10.5623267,175,206,38.6587,5.6587
RFPL,2019,13,FK Akhmat,30,7,10,13,27,46,31,33.901702,6.901702,27.867506,40.626196,-5.373804,38.36337,-10.495864,11.19950204,10.80635663,124,206,36.5424,5.5424
RFPL,2019,14,Krylya Sovetov Samara,30,8,7,15,33,40,31,33.579462,0.579462,29.772913,42.980693,2.980693,37.550114,-7.777201,11.94990274,10.08085781,103,215,36.3363,5.3363
RFPL,2019,15,FC Tambov,30,9,4,17,37,41,31,26.0074243,-10.9925757,22.2360553,39.747938,-1.252062,34.468003,-12.2319477,14.66604916,9.192767622,150,270,29.2413,-1.7587
RFPL,2019,16,FC Orenburg,30,7,6,17,28,52,27,35.108298,7.108298,32.845469,37.169797,-14.830203,32.64413,0.201339,12.83090752,9.464580959,153,215,39.2364,12.2364
RFPL,2020,1,Zenit St. Petersburg,30,19,8,3,76,26,65,65.077047,-10.922953,56.608671,22.6396862,-3.3603138,18.8683092,37.7403618,11.17420012,18.06443528,423,143,67.1751,2.1751
RFPL,2020,2,Spartak Moscow,30,17,6,7,56,37,57,51.143467,-4.856533,43.600721,32.6824,-4.3176,29.432864,14.167857,7.471154974,12.16057126,265,163,54.4769,-2.5231
RFPL,2020,3,Lokomotiv Moscow,30,17,5,8,45,35,56,40.743195,-4.256805,36.217558,37.2677052,2.2677052,32.6172202,3.6003378,9.271998508,11.76347411,205,193,45.3634,-10.6366
RFPL,2020,4,Rubin Kazan,30,16,5,9,42,33,53,42.059219,0.059219,36.779279,33.213814,0.213814,27.179629,9.59965,11.67456869,9.91622271,175,201,45.8999,-7.1001
RFPL,2020,5,PFC Sochi,30,15,8,7,49,33,53,40.63122,-8.36878,35.351277,29.364899,-3.635101,27.102066,8.249211,13.5681246,12.8632219,175,202,48.5113,-4.4887
RFPL,2020,6,CSKA Moscow,30,15,5,10,51,33,50,48.162868,-2.837132,42.048056,30.356519,-2.643481,26.58514,15.462916,11.31624379,13.24472477,304,198,54.709,4.709
RFPL,2020,7,Dinamo Moscow,30,15,5,10,44,33,50,44.477859,0.477859,37.6894,31.684609,-1.315391,25.650419,12.038981,9.378856681,12.48508502,215,163,48.8361,-1.1639
RFPL,2020,8,Khimki,30,13,6,11,35,39,45,29.991886,-5.008114,26.220513,47.253616,8.253616,41.821969,-15.601456,12.60628161,9.762320725,169,255,30.3248,-14.6752
RFPL,2020,9,FC Rostov,30,13,4,13,37,35,43,32.582473,-4.417527,28.811094,34.164875,-0.835125,28.71356,0.097534,8.969288353,10.58744586,160,202,39.6208,-3.3792
RFPL,2020,10,FC Krasnodar,30,12,5,13,52,45,41,45.461763,-6.538237,40.784408,37.904768,-7.095232,34.133396,6.651012,8.605485647,13.57320525,323,164,46.3122,5.3122
RFPL,2020,11,FK Akhmat,30,11,7,12,36,38,40,40.148721,4.148721,32.581451,32.049739,-5.950261,27.524078,5.057373,11.21845092,9.296918841,201,188,46.1175,6.1175
RFPL,2020,12,Ural,30,7,13,10,26,36,34,26.3420292,0.3420292,21.8163772,42.465825,6.465825,34.898574,-13.0821968,11.36410062,11.99475535,142,211,32.844,-1.156
RFPL,2020,13,FC Ufa,30,6,7,17,26,46,25,27.207632,1.207632,24.038712,42.232179,-3.767821,36.181911,-12.143199,13.75021432,11.60366681,143,224,31.731,6.731
RFPL,2020,14,Arsenal Tula,30,6,5,19,28,51,23,26.948305,-1.051695,23.176936,42.931525,-8.068475,36.897339,-13.720403,10.81038141,9.307822567,151,164,29.8537,6.8537
RFPL,2020,15,FC Rotor Volgograd,30,5,7,18,15,52,22,18.6327592,3.6327592,15.4486492,47.586426,-4.413574,40.043679,-24.5950298,13.46733903,7.836180406,87,244,21.7346,-0.2654
RFPL,2020,16,FC Tambov,30,3,4,23,19,65,13,22.289223,3.289223,16.993226,58.101081,-6.898919,50.516175,-33.522949,17.91203821,8.098676634,97,320,19.6937,6.6937
RFPL,2021,1,Zenit St. Petersburg,30,19,8,3,66,28,65,63.839089,-2.160911,56.262088,25.746615,-2.253385,21.975244,34.286844,11.20600797,17.66544788,379,127,64.1334,-0.8666
RFPL,2021,2,PFC Sochi,30,17,5,8,54,30,56,50.385879,-3.614121,44.351673,32.123476,2.123476,28.352096,15.999577,12.04565449,16.42400099,287,202,55.2555,-0.7445
RFPL,2021,3,Dinamo Moscow,30,16,5,9,53,41,53,46.528804,-6.471196,38.986073,31.1617666,-9.8382334,28.1446686,10.8414044,10.99399548,15.69185587,193,134,52.5314,-0.4686
RFPL,2021,4,CSKA Moscow,30,15,5,10,42,29,50,43.017039,1.017039,39.245669,33.4151521,4.4151521,31.9066071,7.3390619,11.04034737,16.39576905,254,174,46.2366,-3.7634
RFPL,2021,5,FC Krasnodar,30,14,8,8,42,30,50,44.788753,2.788753,34.983162,37.0220966,7.0220966,32.4964506,2.4867114,8.949454966,15.10348436,265,195,46.8275,-3.1725
RFPL,2021,6,Lokomotiv Moscow,30,13,9,8,43,39,48,32.68869,-10.31131,28.898799,38.348825,-0.651175,34.57746,-5.678661,9.304707297,9.557258694,197,224,36.2093,-11.7907
RFPL,2021,7,FK Akhmat,30,13,3,14,36,38,42,39.299209,3.299209,34.019278,30.357507,-7.642493,28.810415,5.208863,11.79529325,9.226219183,251,181,46.5643,4.5643
RFPL,2021,8,Krylya Sovetov Samara,30,12,5,13,39,36,41,41.979137,2.979137,38.20776,35.780667,-0.219333,29.74648,8.46128,18.30881976,13.97706034,198,215,46.7923,5.7923
RFPL,2021,9,Spartak Moscow,30,10,8,12,37,41,38,39.875828,2.875828,35.311625,32.905345,-8.094655,25.362583,9.949042,10.2445866,11.66095855,237,139,47.8854,9.8854
RFPL,2021,10,FC Rostov,30,10,8,12,47,51,38,36.284764,-10.715236,28.742027,40.079908,-10.920092,31.782864,-3.040837,11.28198087,12.34369392,188,209,37.8007,-0.1993
RFPL,2021,11,Ural,30,8,9,13,27,35,33,26.3388134,-0.6611866,24.0759944,42.078925,7.078925,36.764735,-12.6887406,11.70834633,11.43148566,179,241,29.4615,-3.5385
RFPL,2021,12,Nizhny Novgorod,30,8,9,13,26,39,33,23.3484397,-2.6515603,18.8227987,44.5160772,5.5160772,39.2361702,-20.4133715,17.36755061,9.491079848,85,266,27.0363,-5.9637
RFPL,2021,13,Khimki,30,7,11,12,34,47,32,35.0060842,1.0060842,29.7261722,47.343168,0.343168,39.02761,-9.3014378,13.8954328,11.30671398,182,272,33.725,1.725
RFPL,2021,14,FC Ufa,30,6,12,12,29,40,30,35.7880672,6.7880672,29.7538522,37.908796,-2.091204,30.366057,-0.6122048,14.0200132,10.36334325,215,174,40.5239,10.5239
RFPL,2021,15,Rubin Kazan,30,8,5,17,34,56,29,27.452401,-6.547599,23.681021,49.334648,-6.665352,44.054731,-20.37371,12.69761528,10.54813104,129,294,29.0688,0.0688
RFPL,2021,16,Arsenal Tula,30,5,8,17,30,59,23,23.001704,-6.998296,21.493158,51.499729,-7.500271,43.956979,-22.463821,16.66016065,10.33346429,126,318,22.1277,-0.8723
RFPL,2022,1,Zenit St. Petersburg,10,8,2,0,29,3,26,21.515697,-7.484303,19.112454,5.53199195,2.53199195,4.77771695,14.33473705,11.90534106,20.19553718,166,41,22.8144,-3.1856
RFPL,2022,2,CSKA Moscow,11,7,2,2,23,10,23,22.790824,-0.209176,18.265179,8.606081,-1.393919,7.851806,10.413373,12.22125144,8.236376519,130,68,24.3603,1.3603
RFPL,2022,3,FC Rostov,10,6,4,0,19,12,22,15.261456,-3.738544,9.201771,13.115227,1.115227,10.098128,-0.896357,10.775374,15.93894988,74,63,15.216,-6.784
RFPL,2022,4,FC Krasnodar,10,6,2,2,21,14,20,14.69654,-6.30346,11.679435,15.388709,1.388709,13.125879,-1.446444,10.00304401,12.32531623,45,91,14.5766,-5.4234
RFPL,2022,5,Spartak Moscow,10,6,1,3,22,11,19,19.694291,-2.305709,18.818871,11.242254,0.242254,9.733705,9.085166,9.655284031,11.91454771,112,60,18.2073,-0.7927
RFPL,2022,6,PFC Sochi,11,5,2,4,18,20,17,20.926765,2.926765,16.401128,14.771687,-5.228313,11.729107,4.672021,11.34892043,15.16554493,119,91,17.8427,0.8427
RFPL,2022,7,Dinamo Moscow,10,4,4,2,16,11,16,12.769818,-3.230182,9.752728,10.815137,-0.184863,10.060857,-0.308129,15.11423101,9.499978921,67,82,15.1748,-0.8252
RFPL,2022,8,FC Orenburg,11,5,0,6,18,27,15,17.442578,-0.557422,15.179755,20.172921,-6.827079,17.03467,-1.854915,11.97746347,11.01237715,95,106,14.529,-0.471
RFPL,2022,9,FK Akhmat,10,4,2,4,15,16,14,10.911548,-4.088452,10.911548,13.407041,-2.592959,11.89849,-0.986942,11.1813184,11.7744715,80,83,11.4508,-2.5492
RFPL,2022,10,Nizhny Novgorod,10,3,3,4,16,18,12,11.522371,-4.477629,8.50527,17.903253,-0.096747,15.640433,-7.135163,12.37844439,10.89432734,47,73,9.5059,-2.4941
RFPL,2022,11,Krylya Sovetov Samara,10,2,4,4,10,14,10,15.144032,5.144032,13.635473,13.466287,-0.533713,9.554485,4.080988,15.67558363,12.84780678,92,77,15.4018,5.4018
RFPL,2022,12,Lokomotiv Moscow,11,2,3,6,15,22,9,16.8874,1.8874,13.116008,18.680191,-3.319809,17.171641,-4.055633,11.62801526,9.544790256,79,96,15.3456,6.3456
RFPL,2022,13,Khimki,11,2,2,7,12,21,8,11.980534,-0.019466,11.980534,21.13548,0.13548,17.364105,-5.383571,11.75436033,10.55226918,89,98,11.5348,3.5348
RFPL,2022,14,Fakel,10,1,5,4,13,20,8,9.771792,-3.228208,9.017517,15.505663,-4.494337,11.734291,-2.716774,11.80948942,11.19383062,55,78,9.5926,1.5926
RFPL,2022,15,Ural,11,2,1,8,9,21,7,11.098674,2.098674,11.098674,18.833305,-2.166695,15.816205,-4.717531,11.46743801,17.18981554,77,117,10.8916,3.8916
RFPL,2022,16,Torpedo Moscow,10,1,1,8,5,21,4,7.05907795,2.05907795,5.55052595,20.89817,-0.10183,18.635352,-13.08482605,19.74669619,10.22594288,33,136,4.8928,0.8928
